Mes_y_año,Código_departamento,Código_municipio,Precio_promedio_por_litro
2023-01-01,5,5001,2113.7700493609354
2023-01-01,5,5001,2318.1345093090194
2023-01-01,5,5001,2291.0958153630963
2023-01-01,5,5001,2378.9003116017293
2023-01-01,5,5001,2246.631068108865
2023-01-01,5,5001,2095.0053977589996
2023-01-01,5,5001,2235.554749610393
2023-01-01,5,5001,2284.8275862068963
2023-01-01,5,5001,2165.636464702612
2023-01-01,5,5001,2149.0483356521577
2023-01-01,5,5001,2048.498906371269
2023-01-01,5,5001,1999.1143596377747
2023-01-01,5,5001,2081.1674136786187
2023-01-01,5,5001,2086.768201150863
2023-01-01,5,5001,2193.830295932145
2023-01-01,5,5001,2228.2838733659623
2023-01-01,5,5001,2153.0020280057943
2023-01-01,5,5001,2145.947488240661
2023-01-01,5,5001,2203.870051778854
2023-01-01,5,5001,2288.179369355095
2023-01-01,5,5001,2258.5550006727185
2023-01-01,5,5001,2333.835555250137
2023-01-01,5,5001,2094.7991493616696
2023-01-01,5,5001,2260.1744108045255
2023-01-01,81,81001,1796.8980343980343
2023-01-01,81,81001,1859.7193569732594
2023-01-01,81,81001,1827.788128137453
2023-01-01,81,81001,1834.254612546126
2023-01-01,81,81001,1823.0766059206733
2023-01-01,8,8001,1973.4165510864543
2023-01-01,8,8001,2108.9081928121277
2023-01-01,8,8001,2188.017973040439
2023-01-01,8,8001,1975.623003194888
2023-01-01,8,8001,2059.1873449131513
2023-01-01,13,13001,2096.3096035564217
2023-01-01,13,13001,1972.1280320080016
2023-01-01,13,13001,2047.3152722731963
2023-01-01,13,13001,2048.6691060410394
2023-01-01,13,13001,2094.0315838365073
2023-01-01,13,13001,2029.4009216589861
2023-01-01,13,13001,1938.7600072780208
2023-01-01,13,13001,1997.924682289845
2023-01-01,13,13001,2062.0196148292607
2023-01-01,15,15001,1821.0018936133588
2023-01-01,15,15001,2137.377423033067
2023-01-01,15,15001,2046.0551845080413
2023-01-01,15,15001,1976.192481203008
2023-01-01,15,15001,1676.3103714175563
2023-01-01,15,15001,1983.4282630853165
2023-01-01,15,15001,1888.5733353106928
2023-01-01,15,15001,2135.0770995284824
2023-01-01,15,15001,2240.4675738274464
2023-01-01,15,15001,1978.9449329014346
2023-01-01,15,15001,2171.942841118874
2023-01-01,15,15001,1959.3130690948044
2023-01-01,15,15001,2094.174225836722
2023-01-01,15,15001,1902.803553800592
2023-01-01,15,15001,2036.5129151291512
2023-01-01,17,17001,2238.283220414421
2023-01-01,17,17001,1800.0000000000007
2023-01-01,17,17001,2297.8257135568715
2023-01-01,18,18001,2131.4809061123037
2023-01-01,18,18001,2133.3270249810753
2023-01-01,18,18001,1803.9865556693223
2023-01-01,18,18001,1961.806347396427
2023-01-01,18,18001,2165.0858157427497
2023-01-01,85,85001,1148.5355648535567
2023-01-01,85,85001,1758.8256614715478
2023-01-01,85,85001,1710.6964178507103
2023-01-01,85,85001,1283.7227138643066
2023-01-01,85,85001,1339.3167028199564
2023-01-01,19,19001,1424.3802183686578
2023-01-01,19,19001,1745.052598548332
2023-01-01,19,19001,1545.762749201454
2023-01-01,19,19001,1600.667987545995
2023-01-01,20,20001,1989.9720741304893
2023-01-01,20,20001,1975.3114920246778
2023-01-01,20,20001,1843.7563451776648
2023-01-01,20,20001,1840.191997281454
2023-01-01,20,20001,1864.3428738317764
2023-01-01,20,20001,1980.8771035186126
2023-01-01,20,20001,1840.9414421047463
2023-01-01,20,20001,2319.6778544790927
2023-01-01,20,20001,2062.9094947251524
2023-01-01,20,20001,2076.72852058973
2023-01-01,20,20001,1949.2275009656232
2023-01-01,20,20001,2431.5868540974743
2023-01-01,23,23001,1767.5847716978828
2023-01-01,23,23001,1978.4805244890085
2023-01-01,23,23001,2101.5060404674264
2023-01-01,23,23001,1938.7159744062465
2023-01-01,23,23001,1935.7176285130176
2023-01-01,23,23001,1855.3331032102174
2023-01-01,23,23001,1725.0178088046735
2023-01-01,23,23001,2038.0756756756755
2023-01-01,23,23001,2085.6499951347673
2023-01-01,23,23001,2061.884753901561
2023-01-01,23,23001,2121.580198019802
2023-01-01,23,23001,2095.712817501101
2023-01-01,25,25001,2038.8002192250872
2023-01-01,25,25001,2141.0962962340427
2023-01-01,25,25001,2164.898050767864
2023-01-01,25,25001,1976.2047856504912
2023-01-01,25,25001,2326.062350212229
2023-01-01,25,25001,1904.3650717362666
2023-01-01,25,25001,2162.4575223142265
2023-01-01,25,25001,2195.1993717957434
2023-01-01,25,25001,2154.7107017986523
2023-01-01,25,25001,1903.1079773965278
2023-01-01,25,25001,2010.2600762527236
2023-01-01,25,25001,2055.931713766687
2023-01-01,25,25001,2068.9531065836004
2023-01-01,25,25001,2116.8691843891115
2023-01-01,25,25001,2086.6998862314645
2023-01-01,25,25001,2250.7852473478247
2023-01-01,25,25001,1973.7114221108595
2023-01-01,25,25001,2244.396167745189
2023-01-01,25,25001,2033.705357142858
2023-01-01,25,25001,2053.3957156752604
2023-01-01,25,25001,2062.6135125317837
2023-01-01,25,25001,2064.278490748786
2023-01-01,25,25001,2208.142842689742
2023-01-01,25,25001,2254.723941855996
2023-01-01,25,25001,2220.801155993729
2023-01-01,25,25001,2157.8653686335037
2023-01-01,25,25001,2184.7191866278504
2023-01-01,41,41001,1705.929832817893
2023-01-01,41,41001,1847.6872329260061
2023-01-01,41,41001,1718.5123679154653
2023-01-01,41,41001,1930.405861871849
2023-01-01,41,41001,1808.9494581128977
2023-01-01,44,44001,2145.5805892547655
2023-01-01,47,47001,1735.50240233967
2023-01-01,47,47001,1857.8432792584003
2023-01-01,47,47001,1923.7496351075215
2023-01-01,47,47001,1821.756400676446
2023-01-01,47,47001,2056.252842201001
2023-01-01,47,47001,1947.4612891609643
2023-01-01,47,47001,2051.65843330981
2023-01-01,47,47001,1866.3488385908638
2023-01-01,50,50001,1681.3624678663246
2023-01-01,50,50001,1696.921364985163
2023-01-01,50,50001,1121.3045365747773
2023-01-01,50,50001,1710.5918057663123
2023-01-01,50,50001,1896.3994374120964
2023-01-01,50,50001,1308.2773068303616
2023-01-01,50,50001,1816.764282912799
2023-01-01,50,50001,1381.1545048524129
2023-01-01,52,52001,1795.1669470276443
2023-01-01,52,52001,1555.6215631902992
2023-01-01,52,52001,1774.3518941992527
2023-01-01,52,52001,1861.2603135991585
2023-01-01,52,52001,1646.0284286363342
2023-01-01,52,52001,1919.3244901536848
2023-01-01,52,52001,1778.7354664063198
2023-01-01,52,52001,1716.503929507026
2023-01-01,52,52001,1755.1096140671389
2023-01-01,52,52001,1934.540148055429
2023-01-01,52,52001,1759.7658578118346
2023-01-01,52,52001,1789.0499216597332
2023-01-01,52,52001,1754.8636865552296
2023-01-01,54,54001,1619.3428486470414
2023-01-01,54,54001,1508.040935672514
2023-01-01,54,54001,1999.7196635963153
2023-01-01,54,54001,1732.1676000829707
2023-01-01,54,54001,1600.0
2023-01-01,86,86001,1785.6246969913018
2023-01-01,86,86001,1843.5689122540787
2023-01-01,86,86001,1761.1273065094822
2023-01-01,86,86001,1795.80975110808
2023-01-01,63,63001,2147.754404063737
2023-01-01,63,63001,2098.379494674955
2023-01-01,63,63001,1933.2902688201177
2023-01-01,63,63001,2069.0550110683484
2023-01-01,66,66001,1992.9919787708823
2023-01-01,66,66001,2216.2782668738128
2023-01-01,66,66001,2239.910727738436
2023-01-01,68,68001,1804.4507434482073
2023-01-01,68,68001,2009.0064059490207
2023-01-01,68,68001,1944.4102380526224
2023-01-01,68,68001,1745.535878142778
2023-01-01,68,68001,1428.607149145977
2023-01-01,68,68001,1869.0756443155194
2023-01-01,68,68001,2064.499056971905
2023-01-01,68,68001,1509.9891447702146
2023-01-01,68,68001,2174.7177086202146
2023-01-01,68,68001,2078.9151143741283
2023-01-01,68,68001,1699.7943897782347
2023-01-01,68,68001,1871.3373284970824
2023-01-01,68,68001,1886.8196697283568
2023-01-01,68,68001,1791.8885918003566
2023-01-01,68,68001,1771.2989845806692
2023-01-01,70,70001,2082.3481116584567
2023-01-01,70,70001,2027.7704194260482
2023-01-01,70,70001,2193.6364141713602
2023-01-01,70,70001,2030.1655867530599
2023-01-01,70,70001,2104.828660436137
2023-01-01,70,70001,2078.188911296988
2023-01-01,70,70001,2119.0380425674557
2023-01-01,70,70001,2132.302989314216
2023-01-01,73,73001,1984.6309069562672
2023-01-01,73,73001,1877.3895123618547
2023-01-01,76,76001,1994.670221864467
2023-01-01,76,76001,1725.2524588006966
2023-01-01,76,76001,1798.2591151462743
2023-01-01,76,76001,1873.0735306772222
2023-01-01,76,76001,1897.4429246706225
2023-01-01,76,76001,1845.0212765957447
2023-02-01,5,5,2228.4496899379883
2023-02-01,5,5,2232.5000920708585
2023-02-01,5,5,2408.7267765924935
2023-02-01,5,5,2381.935014548981
2023-02-01,5,5,2377.5792729894947
2023-02-01,5,5,2412.725611368938
2023-02-01,5,5,2299.650817947002
2023-02-01,5,5,2271.589097116701
2023-02-01,5,5,2287.9372007636957
2023-02-01,5,5,2169.1026930845437
2023-02-01,5,5,2136.9148769399594
2023-02-01,5,5,2121.8079708901173
2023-02-01,5,5,2195.5910453353317
2023-02-01,5,5,2245.145366483694
2023-02-01,5,5,2361.6723149626114
2023-02-01,5,5,2351.803654463292
2023-02-01,5,5,2254.65130787801
2023-02-01,5,5,2307.624729966053
2023-02-01,5,5,2306.3727406473304
2023-02-01,5,5,2315.5736649694245
2023-02-01,5,5,2376.0744851406944
2023-02-01,5,5,2202.9774291660005
2023-02-01,5,5,2215.807114982917
2023-02-01,5,5,2382.4416927347593
2023-02-01,8,8,2032.822757111597
2023-02-01,8,8,2107.2411003236243
2023-02-01,8,8,2203.387593488781
2023-02-01,8,8,2080.306905370844
2023-02-01,8,8,2120.750176928521
2023-02-01,13,13,2167.3505033503775
2023-02-01,13,13,2041.1672908863914
2023-02-01,13,13,2067.022613065327
2023-02-01,13,13,2217.190611664296
2023-02-01,13,13,2170.050035739814
2023-02-01,13,13,2095.7183920374105
2023-02-01,13,13,2184.1693435466605
2023-02-01,13,13,2121.8216929514006
2023-02-01,13,13,2172.112095111004
2023-02-01,15,15,1931.5185648727577
2023-02-01,15,15,1989.7116869744295
2023-02-01,15,15,2249.5897553868567
2023-02-01,15,15,2088.81642148091
2023-02-01,15,15,2078.6294251380323
2023-02-01,15,15,1662.4396235148893
2023-02-01,15,15,2115.659129267009
2023-02-01,15,15,2046.9800569800573
2023-02-01,15,15,2196.9234680905165
2023-02-01,15,15,2356.8985505209835
2023-02-01,15,15,2099.578137436986
2023-02-01,15,15,2223.878618600137
2023-02-01,15,15,2026.5137803109076
2023-02-01,15,15,2131.547716483876
2023-02-01,15,15,2062.497904442582
2023-02-01,17,17,2238.329370727172
2023-02-01,17,17,1800.0000000000002
2023-02-01,17,17,2297.867775675579
2023-02-01,18,18,1881.1147669579243
2023-02-01,18,18,1965.9600416575315
2023-02-01,18,18,1878.2335091035714
2023-02-01,18,18,1839.4384049139567
2023-02-01,18,18,1852.1589081924783
2023-02-01,19,19,1804.906885375741
2023-02-01,19,19,1494.3030303030305
2023-02-01,19,19,1621.5228264339685
2023-02-01,19,19,1663.6425007337834
2023-02-01,20,20,2529.6567383464667
2023-02-01,20,20,1990.6508549365692
2023-02-01,20,20,2041.6912058894134
2023-02-01,20,20,1924.3606580038704
2023-02-01,20,20,1872.6757859371253
2023-02-01,20,20,1886.27068539908
2023-02-01,20,20,2029.7253384912956
2023-02-01,20,20,2000.0000000000005
2023-02-01,20,20,2385.225127769254
2023-02-01,20,20,2084.9615478681485
2023-02-01,20,20,2094.2377117467367
2023-02-01,20,20,2074.376223091976
2023-02-01,23,23,2110.7045027853874
2023-02-01,23,23,1897.6085136912593
2023-02-01,23,23,2082.116586253263
2023-02-01,23,23,2190.269725919273
2023-02-01,23,23,1991.3871118739269
2023-02-01,23,23,2138.650924400513
2023-02-01,23,23,1979.1378549360008
2023-02-01,23,23,1838.3777754169764
2023-02-01,23,23,2179.4589110585057
2023-02-01,23,23,2142.4966038376633
2023-02-01,23,23,2149.6132496132495
2023-02-01,23,23,2116.347710178044
2023-02-01,25,25,2188.392372077605
2023-02-01,25,25,2197.01464046212
2023-02-01,25,25,2113.995924878305
2023-02-01,25,25,2079.462661681488
2023-02-01,25,25,2321.1405956701287
2023-02-01,25,25,2038.533085240803
2023-02-01,25,25,2316.304398159799
2023-02-01,25,25,2275.5831408161307
2023-02-01,25,25,2202.5620849418065
2023-02-01,25,25,1978.983308042489
2023-02-01,25,25,2043.2600878945261
2023-02-01,25,25,2088.0529858536415
2023-02-01,25,25,2091.772029634661
2023-02-01,25,25,2211.9303413748726
2023-02-01,25,25,2080.6524109239035
2023-02-01,25,25,2247.100270389519
2023-02-01,25,25,1974.736130247374
2023-02-01,25,25,2306.5951359084406
2023-02-01,25,25,2038.8213929042158
2023-02-01,25,25,2090.0625500036363
2023-02-01,25,25,2154.2756453804345
2023-02-01,25,25,2109.3624269478137
2023-02-01,25,25,2323.9662410355086
2023-02-01,25,25,2309.994055291762
2023-02-01,25,25,2363.7845324003206
2023-02-01,25,25,2188.578852935718
2023-02-01,25,25,2196.269149993437
2023-02-01,41,41,1740.365559293524
2023-02-01,41,41,2024.2765055340544
2023-02-01,41,41,1851.3343705122074
2023-02-01,41,41,1957.5933673170434
2023-02-01,41,41,1864.2168852849989
2023-02-01,44,44,2126.1335028607764
2023-02-01,47,47,1806.327878075822
2023-02-01,47,47,1858.2153506903549
2023-02-01,47,47,1969.3071382498385
2023-02-01,47,47,1846.655811888097
2023-02-01,47,47,2170.6654170571696
2023-02-01,47,47,2010.0924809006838
2023-02-01,47,47,2166.010305483989
2023-02-01,47,47,1868.7329745531858
2023-02-01,50,50,1864.6203726796589
2023-02-01,50,50,1801.094152261861
2023-02-01,50,50,1695.6085319949814
2023-02-01,50,50,1724.9944357890054
2023-02-01,50,50,1899.913892078071
2023-02-01,50,50,1977.0312060725332
2023-02-01,50,50,1458.068982880161
2023-02-01,50,50,1812.9912076081107
2023-02-01,52,52,1841.195640084529
2023-02-01,52,52,1919.9682070007557
2023-02-01,52,52,1840.0953499295442
2023-02-01,52,52,1816.262028985507
2023-02-01,52,52,1766.3989751328236
2023-02-01,52,52,1635.4067545913965
2023-02-01,52,52,1925.026022644266
2023-02-01,52,52,1714.3806301716054
2023-02-01,52,52,1752.6620370370374
2023-02-01,52,52,1900.8834160747933
2023-02-01,52,52,1709.798275063672
2023-02-01,52,52,1803.237790435371
2023-02-01,52,52,1759.2452319761946
2023-02-01,54,54,1858.3266811114913
2023-02-01,54,54,1624.3554219696616
2023-02-01,54,54,1545.2168367346937
2023-02-01,54,54,2087.226717163023
2023-02-01,54,54,1685.1446898461986
2023-02-01,63,63,2180.966323312582
2023-02-01,63,63,2167.7045030006752
2023-02-01,63,63,1976.626784456821
2023-02-01,63,63,2113.1928186063383
2023-02-01,66,66,2250.8387967605095
2023-02-01,66,66,2006.314646916103
2023-02-01,66,66,2254.705596833813
2023-02-01,68,68,1866.984081864696
2023-02-01,68,68,2082.635150678629
2023-02-01,68,68,2000.3220813987539
2023-02-01,68,68,1785.1368005915701
2023-02-01,68,68,1430.970108695652
2023-02-01,68,68,1920.3257179029758
2023-02-01,68,68,2306.1612544242057
2023-02-01,68,68,1527.637431808645
2023-02-01,68,68,2208.2389455439547
2023-02-01,68,68,2158.7179323954424
2023-02-01,68,68,1754.8151848151847
2023-02-01,68,68,1959.1578842215674
2023-02-01,68,68,2012.7359042117823
2023-02-01,68,68,1946.0775063184497
2023-02-01,68,68,1837.6071259869084
2023-02-01,70,70,2120.4186820296372
2023-02-01,70,70,2236.459221369707
2023-02-01,70,70,2207.6411960132896
2023-02-01,70,70,2162.976085031001
2023-02-01,70,70,2132.452155999147
2023-02-01,70,70,2363.9812280015644
2023-02-01,70,70,2161.940710734671
2023-02-01,70,70,2234.822315432937
2023-02-01,73,73,2006.3530080084245
2023-02-01,73,73,1995.7195963887414
2023-02-01,76,76,1919.2903585361323
2023-02-01,76,76,2030.6424925542262
2023-02-01,76,76,1994.6175554973665
2023-02-01,76,76,2102.2833117723153
2023-02-01,76,76,1929.020341944341
2023-02-01,76,76,1908.2065761909098
2023-02-01,81,81,1765.832531280077
2023-02-01,81,81,1777.0746972283189
2023-02-01,81,81,1750.211558564388
2023-02-01,81,81,1757.792207792208
2023-02-01,81,81,1755.4148128762104
2023-02-01,85,85,1405.1196607088764
2023-02-01,85,85,1282.3717948717951
2023-02-01,85,85,1761.0318331503843
2023-02-01,85,85,1725.3228120516492
2023-02-01,85,85,1282.1692351598172
2023-02-01,86,86,1794.6259266351176
2023-02-01,86,86,1802.6034868543727
2023-02-01,86,86,1819.2859612724753
2023-02-01,86,86,1771.028345825237
2023-03-01,5,5,2281.0818175212535
2023-03-01,5,5,2296.2705265852114
2023-03-01,5,5,2397.9858220976676
2023-03-01,5,5,2419.5384790468443
2023-03-01,5,5,2412.7829768070246
2023-03-01,5,5,2442.010163035539
2023-03-01,5,5,2299.0514616645733
2023-03-01,5,5,2332.868578632209
2023-03-01,5,5,2298.128950695323
2023-03-01,5,5,2332.8107074569793
2023-03-01,5,5,2149.994001343699
2023-03-01,5,5,2181.8736945253877
2023-03-01,5,5,2187.2605062583034
2023-03-01,5,5,2238.246686176623
2023-03-01,5,5,2430.9483561237707
2023-03-01,5,5,2358.9303999836384
2023-03-01,5,5,2261.3571791498757
2023-03-01,5,5,2364.610849056605
2023-03-01,5,5,2402.52381245007
2023-03-01,5,5,2361.5895615866384
2023-03-01,5,5,2376.9180157347705
2023-03-01,5,5,2307.0169174530306
2023-03-01,5,5,2253.171799346229
2023-03-01,5,5,2404.8289247174976
2023-03-01,8,8,2074.2484759302074
2023-03-01,8,8,2134.3808107103014
2023-03-01,8,8,2252.7090497358054
2023-03-01,8,8,2116.8257246634857
2023-03-01,8,8,2155.0902864259033
2023-03-01,13,13,2259.634524914391
2023-03-01,13,13,2056.180416785612
2023-03-01,13,13,2157.298189684618
2023-03-01,13,13,2275.2150719990127
2023-03-01,13,13,2161.272534464475
2023-03-01,13,13,2162.047946478349
2023-03-01,13,13,2234.6732696251015
2023-03-01,13,13,2155.516764376523
2023-03-01,13,13,2277.149277061352
2023-03-01,15,15,1964.9026548672562
2023-03-01,15,15,2054.5699141847554
2023-03-01,15,15,2271.311910936807
2023-03-01,15,15,2122.661012456931
2023-03-01,15,15,2157.3340298987296
2023-03-01,15,15,1657.310344827586
2023-03-01,15,15,2244.1174383135503
2023-03-01,15,15,2072.069985214391
2023-03-01,15,15,2242.260300346554
2023-03-01,15,15,2356.662895101833
2023-03-01,15,15,2118.6276791775767
2023-03-01,15,15,2243.902571556654
2023-03-01,15,15,2087.1845437050542
2023-03-01,15,15,2176.6433343938916
2023-03-01,15,15,2151.486437283816
2023-03-01,17,17,2217.011009324288
2023-03-01,17,17,1800.0000000000007
2023-03-01,17,17,2300.388732161617
2023-03-01,18,18,1866.6879306395049
2023-03-01,18,18,1866.9640102827766
2023-03-01,18,18,1858.807909718171
2023-03-01,18,18,1895.6348807545123
2023-03-01,18,18,1822.4582112700327
2023-03-01,19,19,1873.5322655231846
2023-03-01,19,19,1555.7953281423802
2023-03-01,19,19,1705.868487512861
2023-03-01,19,19,1725.9640786082473
2023-03-01,20,20,2541.91562332135
2023-03-01,20,20,2028.7446504992868
2023-03-01,20,20,2039.1436596814144
2023-03-01,20,20,1929.5915181298615
2023-03-01,20,20,1878.9902720230589
2023-03-01,20,20,1884.9413805479123
2023-03-01,20,20,2021.0881121373206
2023-03-01,20,20,2000.0000000000002
2023-03-01,20,20,2424.8608637577927
2023-03-01,20,20,2110.233725075928
2023-03-01,20,20,2227.6436711187357
2023-03-01,20,20,2076.7182662538694
2023-03-01,23,23,2273.4962990607705
2023-03-01,23,23,2017.4052478134101
2023-03-01,23,23,2154.3789645999586
2023-03-01,23,23,2178.3737359074853
2023-03-01,23,23,2071.0600476913073
2023-03-01,23,23,2213.504352611568
2023-03-01,23,23,2004.8746113989632
2023-03-01,23,23,1851.4678972074153
2023-03-01,23,23,2295.6566546287327
2023-03-01,23,23,2237.5533576262364
2023-03-01,23,23,2149.7654730580025
2023-03-01,23,23,2207.2466000616173
2023-03-01,25,25,2186.180161672101
2023-03-01,25,25,2149.5358123065894
2023-03-01,25,25,2184.815102146367
2023-03-01,25,25,2093.8954885489807
2023-03-01,25,25,2295.3960744499072
2023-03-01,25,25,1969.6646087849279
2023-03-01,25,25,2327.9125094791307
2023-03-01,25,25,2243.1618750721627
2023-03-01,25,25,2209.7313343124306
2023-03-01,25,25,2189.266407769999
2023-03-01,25,25,2114.3844130655193
2023-03-01,25,25,2087.915722817133
2023-03-01,25,25,2158.34433702743
2023-03-01,25,25,2218.9326470729384
2023-03-01,25,25,2257.9694692874077
2023-03-01,25,25,2331.720901314668
2023-03-01,25,25,2050.829883219599
2023-03-01,25,25,2333.2259376328575
2023-03-01,25,25,2165.508706039737
2023-03-01,25,25,2093.5816921585365
2023-03-01,25,25,2199.3662306777646
2023-03-01,25,25,2129.5634078229004
2023-03-01,25,25,2280.3065205374605
2023-03-01,25,25,2333.5811822869487
2023-03-01,25,25,2419.3045996341293
2023-03-01,25,25,2261.5445355661836
2023-03-01,25,25,2175.591237789893
2023-03-01,41,41,1838.274882598487
2023-03-01,41,41,2007.2703216175871
2023-03-01,41,41,1885.9171117571498
2023-03-01,41,41,1965.3309219068822
2023-03-01,41,41,1960.4203914804257
2023-03-01,44,44,2344.121729845168
2023-03-01,47,47,1806.761599175586
2023-03-01,47,47,1853.4585489557348
2023-03-01,47,47,2029.6220251983198
2023-03-01,47,47,1846.479274611398
2023-03-01,47,47,2059.6014846649737
2023-03-01,47,47,2147.394915680846
2023-03-01,47,47,2113.0256085994306
2023-03-01,47,47,1861.5221484062238
2023-03-01,50,50,1916.5899905955323
2023-03-01,50,50,1842.4848024316111
2023-03-01,50,50,1682.9863065090985
2023-03-01,50,50,1836.980794997767
2023-03-01,50,50,1923.9088005677781
2023-03-01,50,50,1978.7467134092901
2023-03-01,50,50,1579.3967841805652
2023-03-01,50,50,1901.47235176549
2023-03-01,52,52,1858.932136237651
2023-03-01,52,52,2004.5875246608373
2023-03-01,52,52,1852.9782774390246
2023-03-01,52,52,1854.373361218629
2023-03-01,52,52,1831.0714332845057
2023-03-01,52,52,1648.2928020314484
2023-03-01,52,52,1940.4494368743874
2023-03-01,52,52,1721.10052126708
2023-03-01,52,52,1755.8938255161258
2023-03-01,52,52,1959.4667048216506
2023-03-01,52,52,1754.3593530579635
2023-03-01,52,52,1798.1348025959978
2023-03-01,52,52,1769.4135172074884
2023-03-01,54,54,1905.586699116738
2023-03-01,54,54,1693.2693340975034
2023-03-01,54,54,1667.2316384180788
2023-03-01,54,54,2138.6732329084584
2023-03-01,54,54,1684.7249262947093
2023-03-01,63,63,2208.6913853317815
2023-03-01,63,63,2172.5296958241356
2023-03-01,63,63,2039.1437918830502
2023-03-01,63,63,2144.2114279671473
2023-03-01,66,66,2301.9534238714614
2023-03-01,66,66,2129.6224840963614
2023-03-01,66,66,2362.6606082590342
2023-03-01,68,68,1921.3345201190875
2023-03-01,68,68,2097.3486564667337
2023-03-01,68,68,2020.1233491556072
2023-03-01,68,68,1870.2297185430466
2023-03-01,68,68,1438.1448046046655
2023-03-01,68,68,1916.9874879692004
2023-03-01,68,68,2322.9217707046787
2023-03-01,68,68,1733.2401268907179
2023-03-01,68,68,2280.063339790303
2023-03-01,68,68,2236.6991122045138
2023-03-01,68,68,1822.264469792987
2023-03-01,68,68,2039.7420194442323
2023-03-01,68,68,2053.8686210837586
2023-03-01,68,68,1945.9379509379512
2023-03-01,68,68,1859.7465523667533
2023-03-01,70,70,2131.190787231626
2023-03-01,70,70,2070.5951162450656
2023-03-01,70,70,2055.49926113574
2023-03-01,70,70,1994.940590264469
2023-03-01,70,70,2148.3866470358457
2023-03-01,70,70,2192.830899670278
2023-03-01,70,70,2051.434533124674
2023-03-01,70,70,2319.7471305259614
2023-03-01,73,73,2004.0945367853485
2023-03-01,73,73,1984.6904235187505
2023-03-01,76,76,1917.7164105964082
2023-03-01,76,76,2230.13477066649
2023-03-01,76,76,1993.9727548164767
2023-03-01,76,76,2104.3080951496336
2023-03-01,76,76,1930.9304352664078
2023-03-01,76,76,1944.7805709416277
2023-03-01,81,81,1789.0520177520898
2023-03-01,81,81,1839.8501429557332
2023-03-01,81,81,1807.9405366207395
2023-03-01,81,81,1775.4537689515266
2023-03-01,81,81,1754.8966926511766
2023-03-01,85,85,1550.7356639839031
2023-03-01,85,85,1280.4316854252743
2023-03-01,85,85,1782.2702220781325
2023-03-01,85,85,1773.0770162560264
2023-03-01,85,85,1302.7211699832171
2023-03-01,86,86,1793.6930674958842
2023-03-01,86,86,1782.7842885918326
2023-03-01,86,86,1818.3078477897875
2023-03-01,86,86,1770.3316603193018
2023-04-01,5,5,2289.3239136806064
2023-04-01,5,5,2299.2667044167615
2023-04-01,5,5,2397.4435400497982
2023-04-01,5,5,2425.8924159625276
2023-04-01,5,5,2428.68138671069
2023-04-01,5,5,2451.642396125305
2023-04-01,5,5,2310.7970237763793
2023-04-01,5,5,2280.8451998162604
2023-04-01,5,5,2322.500808799741
2023-04-01,5,5,2345.731622456647
2023-04-01,5,5,2256.6149596260093
2023-04-01,5,5,2188.1671808715773
2023-04-01,5,5,2201.1816982109153
2023-04-01,5,5,2281.8594497775043
2023-04-01,5,5,2353.952533675433
2023-04-01,5,5,2371.7514883944577
2023-04-01,5,5,2391.595149253731
2023-04-01,5,5,2374.1944407412343
2023-04-01,5,5,2405.5630942351663
2023-04-01,5,5,2364.4366688366035
2023-04-01,5,5,2331.484347069778
2023-04-01,5,5,2315.7648285396976
2023-04-01,5,5,2319.054434458199
2023-04-01,5,5,2391.1474066868054
2023-04-01,8,8,2174.1128869107824
2023-04-01,8,8,2172.029967891545
2023-04-01,8,8,2278.199103332793
2023-04-01,8,8,2145.6916099773234
2023-04-01,8,8,2161.8123624724935
2023-04-01,13,13,2235.761532514389
2023-04-01,13,13,2187.890222984563
2023-04-01,13,13,2100.1613376356695
2023-04-01,13,13,2325.8647662089343
2023-04-01,13,13,2172.558276777811
2023-04-01,13,13,2165.6448494890915
2023-04-01,13,13,2232.844159092804
2023-04-01,13,13,2161.2162368380896
2023-04-01,13,13,2295.77612314138
2023-04-01,15,15,1970.101137800252
2023-04-01,15,15,2073.4061480336595
2023-04-01,15,15,2280.4679604540456
2023-04-01,15,15,2128.6699797292877
2023-04-01,15,15,2206.2947269303195
2023-04-01,15,15,1743.7194614145465
2023-04-01,15,15,2326.4518901898327
2023-04-01,15,15,2049.5199231877104
2023-04-01,15,15,2236.4685714285715
2023-04-01,15,15,2321.0994001713793
2023-04-01,15,15,2160.3441118636665
2023-04-01,15,15,2252.4487541426297
2023-04-01,15,15,2143.256382797479
2023-04-01,15,15,2226.954588654264
2023-04-01,15,15,2149.8133184731123
2023-04-01,17,17,2349.9099341096908
2023-04-01,17,17,1904.388550225285
2023-04-01,17,17,2320.555987209754
2023-04-01,18,18,1843.6650301706422
2023-04-01,18,18,1862.0752668238038
2023-04-01,18,18,1854.3641704168795
2023-04-01,18,18,1854.3648706793515
2023-04-01,18,18,1824.1040462427745
2023-04-01,19,19,1940.5900524526216
2023-04-01,19,19,1650.355272999252
2023-04-01,19,19,1754.3727852586817
2023-04-01,19,19,1798.173107297041
2023-04-01,20,20,2532.00391143396
2023-04-01,20,20,2052.5087770626096
2023-04-01,20,20,2040.484626681275
2023-04-01,20,20,1931.8446447085093
2023-04-01,20,20,1884.2761265580054
2023-04-01,20,20,1885.302544511904
2023-04-01,20,20,2022.7589901376339
2023-04-01,20,20,2048.774911783709
2023-04-01,20,20,2415.1729004940016
2023-04-01,20,20,2112.8311221047898
2023-04-01,20,20,2241.604543840966
2023-04-01,20,20,2090.6578346276838
2023-04-01,23,23,2330.5726675853125
2023-04-01,23,23,2005.1575578532743
2023-04-01,23,23,2092.396142433234
2023-04-01,23,23,2190.387187374615
2023-04-01,23,23,2034.849464683481
2023-04-01,23,23,2231.3347542705346
2023-04-01,23,23,2075.691519635742
2023-04-01,23,23,1866.9507059697796
2023-04-01,23,23,2354.209178039839
2023-04-01,23,23,2214.8102387168965
2023-04-01,23,23,2170.398764696321
2023-04-01,23,23,2200.379846627966
2023-04-01,25,25,2300.635208632656
2023-04-01,25,25,2229.8851098750793
2023-04-01,25,25,2219.1349551805033
2023-04-01,25,25,2114.325547961485
2023-04-01,25,25,2352.1218726277953
2023-04-01,25,25,1989.4224612626458
2023-04-01,25,25,2316.6434782608694
2023-04-01,25,25,2265.105033635526
2023-04-01,25,25,2257.1835377591115
2023-04-01,25,25,2151.8249850787383
2023-04-01,25,25,2116.546605544641
2023-04-01,25,25,2092.5772438755703
2023-04-01,25,25,2200.2757158006366
2023-04-01,25,25,2278.6150726888404
2023-04-01,25,25,2340.5370930190347
2023-04-01,25,25,2305.731900918078
2023-04-01,25,25,2069.960909781269
2023-04-01,25,25,2307.873128723777
2023-04-01,25,25,2200.8930783844053
2023-04-01,25,25,2265.8574511020065
2023-04-01,25,25,2177.3009611246594
2023-04-01,25,25,2152.8644442749255
2023-04-01,25,25,2328.6442621308433
2023-04-01,25,25,2317.2296199632483
2023-04-01,25,25,2410.5735474995727
2023-04-01,25,25,2280.4051676789227
2023-04-01,25,25,2262.667050946659
2023-04-01,41,41,1838.130825681023
2023-04-01,41,41,2022.361939218524
2023-04-01,41,41,1925.2731893265561
2023-04-01,41,41,1999.9999999999993
2023-04-01,41,41,2009.4554355506207
2023-04-01,44,44,2344.568607068607
2023-04-01,47,47,1805.5605845079533
2023-04-01,47,47,1862.5462062256806
2023-04-01,47,47,2078.241177580676
2023-04-01,47,47,1843.0279498320547
2023-04-01,47,47,2110.277492291881
2023-04-01,47,47,2269.1810144253145
2023-04-01,47,47,2098.5009671179873
2023-04-01,47,47,1863.688710082977
2023-04-01,50,50,1922.9972955329665
2023-04-01,50,50,1904.9115913555995
2023-04-01,50,50,1781.1231713072204
2023-04-01,50,50,1827.880841955048
2023-04-01,50,50,1924.7579374014863
2023-04-01,50,50,1977.1929824561398
2023-04-01,50,50,1546.8415290141381
2023-04-01,50,50,1891.9440537583998
2023-04-01,52,52,1890.2469387293177
2023-04-01,52,52,2044.3712593088958
2023-04-01,52,52,1844.5107906706676
2023-04-01,52,52,1853.5619714202392
2023-04-01,52,52,1877.321092940036
2023-04-01,52,52,1643.9579673776664
2023-04-01,52,52,1924.6376705295588
2023-04-01,52,52,1722.694530530195
2023-04-01,52,52,1770.3982877349713
2023-04-01,52,52,2016.4229680829037
2023-04-01,52,52,1782.2013304577624
2023-04-01,52,52,1817.885843153448
2023-04-01,52,52,1793.882262180286
2023-04-01,54,54,1973.1945792444008
2023-04-01,54,54,1694.360592755214
2023-04-01,54,54,1660.1005298193184
2023-04-01,54,54,2163.240299523485
2023-04-01,54,54,1799.9999999999993
2023-04-01,63,63,2236.7657668084444
2023-04-01,63,63,2211.564015595777
2023-04-01,63,63,2055.673051196903
2023-04-01,63,63,2184.765014953594
2023-04-01,66,66,2361.813075953051
2023-04-01,66,66,2187.5062437562437
2023-04-01,66,66,2367.3365097839524
2023-04-01,68,68,1944.574091189156
2023-04-01,68,68,2258.9532522544164
2023-04-01,68,68,2081.0092854259183
2023-04-01,68,68,1878.5442336979097
2023-04-01,68,68,1439.16252661462
2023-04-01,68,68,1892.3032859449042
2023-04-01,68,68,2325.831151509164
2023-04-01,68,68,1727.7748374512353
2023-04-01,68,68,2239.7921604375565
2023-04-01,68,68,2305.1744851258586
2023-04-01,68,68,1834.552972871374
2023-04-01,68,68,2102.637332604536
2023-04-01,68,68,2080.16343945629
2023-04-01,68,68,1941.2244283995176
2023-04-01,68,68,1853.986332574032
2023-04-01,70,70,2123.802380952381
2023-04-01,70,70,2080.5026506970353
2023-04-01,70,70,2055.99778883361
2023-04-01,70,70,2005.9118236472939
2023-04-01,70,70,2233.178055598696
2023-04-01,70,70,2200.439900130782
2023-04-01,70,70,2051.191011235955
2023-04-01,70,70,2317.695131663456
2023-04-01,73,73,2096.6177380445574
2023-04-01,73,73,1963.906622567495
2023-04-01,76,76,1998.8040936793286
2023-04-01,76,76,2230.63332063466
2023-04-01,76,76,2109.12202029738
2023-04-01,76,76,2107.217537193205
2023-04-01,76,76,1977.5539754922092
2023-04-01,76,76,2006.5718379042164
2023-04-01,81,81,1733.1913245546086
2023-04-01,81,81,1776.5006779243188
2023-04-01,81,81,1774.049875311721
2023-04-01,81,81,1745.0589328223891
2023-04-01,81,81,1722.2444703143185
2023-04-01,85,85,1561.2280701754387
2023-04-01,85,85,1287.3888371305159
2023-04-01,85,85,1799.9999999999998
2023-04-01,85,85,1793.7790617691564
2023-04-01,85,85,1344.3190519598904
2023-04-01,86,86,1780.694018728382
2023-04-01,86,86,1778.5539992022711
2023-04-01,86,86,1806.10004172752
2023-04-01,86,86,1773.6158087669037
2023-05-01,5,5,2325.185904485574
2023-05-01,5,5,2356.817830036252
2023-05-01,5,5,2414.952935523081
2023-05-01,5,5,2387.146219883689
2023-05-01,5,5,2452.313435549862
2023-05-01,5,5,2474.9473239687054
2023-05-01,5,5,2285.1489826047878
2023-05-01,5,5,2248.6456179417846
2023-05-01,5,5,2350.013538553886
2023-05-01,5,5,2369.4506922092523
2023-05-01,5,5,2202.0237320961432
2023-05-01,5,5,2181.8721580212587
2023-05-01,5,5,2219.078143350752
2023-05-01,5,5,2281.5343163215052
2023-05-01,5,5,2381.25103215234
2023-05-01,5,5,2411.6565927915826
2023-05-01,5,5,2382.73178059043
2023-05-01,5,5,2350.8856905710486
2023-05-01,5,5,2418.8643411462845
2023-05-01,5,5,2377.6001482591137
2023-05-01,5,5,2357.4909411758335
2023-05-01,5,5,2305.7626592109345
2023-05-01,5,5,2317.55646495538
2023-05-01,5,5,2412.71870924851
2023-05-01,8,8,2026.8995141187245
2023-05-01,8,8,2030.815503452047
2023-05-01,8,8,2024.0047697670147
2023-05-01,8,8,2050.5965697240863
2023-05-01,8,8,2039.4214665032684
2023-05-01,13,13,2220.500927643785
2023-05-01,13,13,2081.061779383927
2023-05-01,13,13,2025.622974634037
2023-05-01,13,13,2130.2894116147127
2023-05-01,13,13,2000.0000000000005
2023-05-01,13,13,2045.4082601922566
2023-05-01,13,13,2028.0252825129285
2023-05-01,13,13,1926.8811853817658
2023-05-01,13,13,2150.595770638471
2023-05-01,15,15,1971.6609760996184
2023-05-01,15,15,2056.869196205691
2023-05-01,15,15,2235.1109940552337
2023-05-01,15,15,2167.0467546335135
2023-05-01,15,15,2195.3176254026694
2023-05-01,15,15,1736.7753058287356
2023-05-01,15,15,2315.3270636103243
2023-05-01,15,15,2017.9697010685784
2023-05-01,15,15,2165.1190887124612
2023-05-01,15,15,2273.9736605036246
2023-05-01,15,15,2143.863479659849
2023-05-01,15,15,2253.1861880920483
2023-05-01,15,15,2121.56898201078
2023-05-01,15,15,2228.2308115327205
2023-05-01,15,15,2080.6672158154856
2023-05-01,17,17,2355.0080387689636
2023-05-01,17,17,1905.2767326462736
2023-05-01,17,17,2310.3359737040632
2023-05-01,18,18,1846.793506683682
2023-05-01,18,18,1859.3817017871436
2023-05-01,18,18,1843.5489992662128
2023-05-01,18,18,1871.7133061059853
2023-05-01,18,18,1817.24609577894
2023-05-01,19,19,1958.7584605635234
2023-05-01,19,19,1683.7104233368912
2023-05-01,19,19,1791.7672926075588
2023-05-01,19,19,1837.1590413943354
2023-05-01,20,20,2494.995178842003
2023-05-01,20,20,2079.4726375487962
2023-05-01,20,20,2020.892184923622
2023-05-01,20,20,1926.6855117711589
2023-05-01,20,20,1886.4487659705476
2023-05-01,20,20,1884.6676459786997
2023-05-01,20,20,2039.9857502735438
2023-05-01,20,20,2199.9999999999995
2023-05-01,20,20,2322.5691597031196
2023-05-01,20,20,2110.0168970148607
2023-05-01,20,20,2091.935778142675
2023-05-01,20,20,2085.5069109185906
2023-05-01,23,23,2370.492878219372
2023-05-01,23,23,1986.344712739384
2023-05-01,23,23,1910.6270460841101
2023-05-01,23,23,2092.7197491352276
2023-05-01,23,23,2010.0729927007299
2023-05-01,23,23,2263.884147076552
2023-05-01,23,23,2047.563249001331
2023-05-01,23,23,1745.7547666701787
2023-05-01,23,23,2367.448335602029
2023-05-01,23,23,2174.2445976586
2023-05-01,23,23,2093.2545234098116
2023-05-01,23,23,2008.4331867131802
2023-05-01,25,25,2281.2812018935842
2023-05-01,25,25,2217.7460917368135
2023-05-01,25,25,2227.9733587059945
2023-05-01,25,25,2207.7337504344805
2023-05-01,25,25,2373.9206160343747
2023-05-01,25,25,2075.5489696873265
2023-05-01,25,25,2291.018065169678
2023-05-01,25,25,2331.646402161547
2023-05-01,25,25,2263.415080527086
2023-05-01,25,25,2291.368014881939
2023-05-01,25,25,2024.4151868793151
2023-05-01,25,25,2194.868280491
2023-05-01,25,25,2179.386555879931
2023-05-01,25,25,2268.4740510412366
2023-05-01,25,25,2362.817101996816
2023-05-01,25,25,2307.016766550848
2023-05-01,25,25,1991.1839126381674
2023-05-01,25,25,2295.2842641857656
2023-05-01,25,25,2241.907102777458
2023-05-01,25,25,2207.3674546706457
2023-05-01,25,25,2164.0489432703002
2023-05-01,25,25,2223.714585519413
2023-05-01,25,25,2292.9667032874163
2023-05-01,25,25,2348.2847752920215
2023-05-01,25,25,2391.793740638453
2023-05-01,25,25,2280.596995656004
2023-05-01,25,25,2123.4590605054614
2023-05-01,41,41,1841.9769824053988
2023-05-01,41,41,2004.7590342333199
2023-05-01,41,41,1906.4744005184707
2023-05-01,41,41,2000.0000000000005
2023-05-01,41,41,1993.889988617806
2023-05-01,44,44,2288.168905746456
2023-05-01,47,47,1805.4388259042491
2023-05-01,47,47,1846.4598391078114
2023-05-01,47,47,2020.780129438517
2023-05-01,47,47,1841.8550531914893
2023-05-01,47,47,2010.2444284687285
2023-05-01,47,47,2073.1256004344004
2023-05-01,47,47,1999.5149725854071
2023-05-01,47,47,1860.2632686181407
2023-05-01,50,50,1895.9639085759825
2023-05-01,50,50,1927.675340341203
2023-05-01,50,50,1767.6229508196725
2023-05-01,50,50,1810.3768225714825
2023-05-01,50,50,1944.9979070740899
2023-05-01,50,50,1977.4298760600132
2023-05-01,50,50,1558.381851899772
2023-05-01,50,50,1877.7251541121636
2023-05-01,52,52,1921.2709173216815
2023-05-01,52,52,2064.7329830098206
2023-05-01,52,52,1839.7622736515927
2023-05-01,52,52,1867.7622917591646
2023-05-01,52,52,1880.452314416738
2023-05-01,52,52,1663.1290688646006
2023-05-01,52,52,1932.9174443452625
2023-05-01,52,52,1733.989322075987
2023-05-01,52,52,1769.8117895521461
2023-05-01,52,52,2018.5799206049537
2023-05-01,52,52,1784.832438705933
2023-05-01,52,52,1845.6207117991007
2023-05-01,52,52,1788.4571878724214
2023-05-01,54,54,1974.9019021637578
2023-05-01,54,54,1695.067056475939
2023-05-01,54,54,1660.1192791391156
2023-05-01,54,54,2116.3147792706336
2023-05-01,54,54,1799.9999999999995
2023-05-01,63,63,2280.578858229503
2023-05-01,63,63,2216.177928615009
2023-05-01,63,63,2088.722596412621
2023-05-01,63,63,2213.1617901854347
2023-05-01,66,66,2376.213671155344
2023-05-01,66,66,2191.423252230854
2023-05-01,66,66,2424.8984179649938
2023-05-01,68,68,1857.1183265688417
2023-05-01,68,68,2223.9072746013994
2023-05-01,68,68,2134.3972343932146
2023-05-01,68,68,1870.3836847563077
2023-05-01,68,68,1448.895434462445
2023-05-01,68,68,1903.0568801089921
2023-05-01,68,68,2395.4952649091365
2023-05-01,68,68,1758.4233256069297
2023-05-01,68,68,2260.4122297224135
2023-05-01,68,68,2210.9379526099297
2023-05-01,68,68,1818.6208553580007
2023-05-01,68,68,2121.56633547633
2023-05-01,68,68,2051.884686777584
2023-05-01,68,68,1949.0323565323565
2023-05-01,68,68,1901.7043376490378
2023-05-01,70,70,2080.4108244101494
2023-05-01,70,70,1968.937904928296
2023-05-01,70,70,1807.7110785749146
2023-05-01,70,70,1807.510729613734
2023-05-01,70,70,2200.673168269802
2023-05-01,70,70,2016.7671659210282
2023-05-01,70,70,1919.7123681687444
2023-05-01,70,70,2243.523553644994
2023-05-01,73,73,2099.097202306496
2023-05-01,73,73,1967.750019426529
2023-05-01,76,76,2000.8001488649052
2023-05-01,76,76,2238.499856944331
2023-05-01,76,76,2104.7228930394645
2023-05-01,76,76,2103.0440776057508
2023-05-01,76,76,2029.3033880574708
2023-05-01,76,76,2061.7252305172847
2023-05-01,81,81,1589.595085871882
2023-05-01,81,81,1583.1362725450897
2023-05-01,81,81,1602.2850726000213
2023-05-01,81,81,1574.6293038451872
2023-05-01,81,81,1553.490357109901
2023-05-01,85,85,1564.873563218391
2023-05-01,85,85,1286.7729530523955
2023-05-01,85,85,1800.0000000000005
2023-05-01,85,85,1664.037265308452
2023-05-01,85,85,1422.955069124424
2023-05-01,86,86,1775.8350174020431
2023-05-01,86,86,1794.9557633973707
2023-05-01,86,86,1809.3740625937405
2023-05-01,86,86,1782.9727608645894
2023-06-01,5,5,2344.4396277990995
2023-06-01,5,5,2305.0580900478653
2023-06-01,5,5,2361.435246995994
2023-06-01,5,5,2374.5850044606495
2023-06-01,5,5,2431.5492895204266
2023-06-01,5,5,2469.180446143046
2023-06-01,5,5,2220.135346173867
2023-06-01,5,5,2239.761522915444
2023-06-01,5,5,2303.50865516312
2023-06-01,5,5,2369.016039718729
2023-06-01,5,5,2161.823913925138
2023-06-01,5,5,2169.454297903241
2023-06-01,5,5,2236.711574879722
2023-06-01,5,5,2242.500502310629
2023-06-01,5,5,2344.2911749099767
2023-06-01,5,5,2395.05454717189
2023-06-01,5,5,2382.8293545777397
2023-06-01,5,5,2341.7462182405643
2023-06-01,5,5,2348.778807755314
2023-06-01,5,5,2376.754700271222
2023-06-01,5,5,2378.2414798894692
2023-06-01,5,5,2291.658068425622
2023-06-01,5,5,2307.9909542353284
2023-06-01,5,5,2391.963484607935
2023-06-01,8,8,1940.531840447866
2023-06-01,8,8,1949.9853030953943
2023-06-01,8,8,1900.989057239057
2023-06-01,8,8,1919.6125328868688
2023-06-01,8,8,1936.6151244261898
2023-06-01,13,13,2040.4873430336856
2023-06-01,13,13,1941.6518476944439
2023-06-01,13,13,1946.379102679916
2023-06-01,13,13,2004.1555366682855
2023-06-01,13,13,2051.705837755876
2023-06-01,13,13,1977.1476157082748
2023-06-01,13,13,1961.8599019549938
2023-06-01,13,13,1903.1798245614036
2023-06-01,13,13,2010.1328349242374
2023-06-01,15,15,1955.0462573591255
2023-06-01,15,15,2030.7479914933838
2023-06-01,15,15,2194.1263590949156
2023-06-01,15,15,2131.924636922674
2023-06-01,15,15,2162.7681609705573
2023-06-01,15,15,1734.5115812191018
2023-06-01,15,15,2222.991522155082
2023-06-01,15,15,1998.3882600976476
2023-06-01,15,15,2145.2249903437614
2023-06-01,15,15,2217.023923785148
2023-06-01,15,15,2085.484158063368
2023-06-01,15,15,2238.651544026496
2023-06-01,15,15,2014.0572080695035
2023-06-01,15,15,2140.4027547193014
2023-06-01,15,15,1985.5006119951036
2023-06-01,17,17,2354.5660559305693
2023-06-01,17,17,1922.6659519601315
2023-06-01,17,17,2320.8395812102685
2023-06-01,18,18,1872.9842642227218
2023-06-01,18,18,1780.1206503916915
2023-06-01,18,18,1813.3277360726984
2023-06-01,18,18,1880.9808312920404
2023-06-01,18,18,1724.2909101575108
2023-06-01,19,19,1983.1968681344772
2023-06-01,19,19,1738.5400792441328
2023-06-01,19,19,1814.2977061981455
2023-06-01,19,19,1862.1029967483964
2023-06-01,20,20,2491.1307857154025
2023-06-01,20,20,2076.162657502864
2023-06-01,20,20,2018.009077963688
2023-06-01,20,20,1932.1173688508075
2023-06-01,20,20,1895.6751320090525
2023-06-01,20,20,1877.9924379418048
2023-06-01,20,20,2004.969394001224
2023-06-01,20,20,2200.0000000000005
2023-06-01,20,20,2270.1733596664462
2023-06-01,20,20,2063.52798894264
2023-06-01,20,20,1817.166473119749
2023-06-01,20,20,2037.7040886722164
2023-06-01,23,23,2274.9426135432045
2023-06-01,23,23,1838.6727894831627
2023-06-01,23,23,1779.003489724699
2023-06-01,23,23,1977.8098444765117
2023-06-01,23,23,1590.9396456522784
2023-06-01,23,23,2128.4095321296836
2023-06-01,23,23,1848.3110624315443
2023-06-01,23,23,1678.10021709273
2023-06-01,23,23,2315.501836672495
2023-06-01,23,23,2046.5577400523384
2023-06-01,23,23,1836.6479324311595
2023-06-01,23,23,1778.5473809288053
2023-06-01,25,25,2293.8914031230215
2023-06-01,25,25,2206.022614176712
2023-06-01,25,25,2228.0924276234146
2023-06-01,25,25,2168.994030447573
2023-06-01,25,25,2372.456403625155
2023-06-01,25,25,2004.6069702040836
2023-06-01,25,25,2229.5144208352763
2023-06-01,25,25,2183.786646143095
2023-06-01,25,25,2276.2063670190782
2023-06-01,25,25,2191.3754548184575
2023-06-01,25,25,2090.2144675632817
2023-06-01,25,25,2296.5934955721177
2023-06-01,25,25,2146.720697773146
2023-06-01,25,25,2207.496076503364
2023-06-01,25,25,2309.58605664488
2023-06-01,25,25,2311.015930209508
2023-06-01,25,25,1996.9892812105927
2023-06-01,25,25,2246.7611468439986
2023-06-01,25,25,2187.364370094881
2023-06-01,25,25,2176.8858216486083
2023-06-01,25,25,2108.6117063268293
2023-06-01,25,25,2222.5611328039035
2023-06-01,25,25,2244.3935544427463
2023-06-01,25,25,2301.3312890944403
2023-06-01,25,25,2394.4381539430346
2023-06-01,25,25,2192.012260277825
2023-06-01,25,25,2139.6501802407934
2023-06-01,41,41,1842.9759543798511
2023-06-01,41,41,1998.8489431439855
2023-06-01,41,41,1891.441564845762
2023-06-01,41,41,1990.6582422263243
2023-06-01,41,41,1927.8847800034243
2023-06-01,44,44,2179.4569536423846
2023-06-01,47,47,1807.877535175062
2023-06-01,47,47,1845.3008533294428
2023-06-01,47,47,1964.152593852509
2023-06-01,47,47,1838.947061639986
2023-06-01,47,47,2012.2290668491903
2023-06-01,47,47,1879.8548868971404
2023-06-01,47,47,1993.6824877250415
2023-06-01,47,47,1859.9740976216908
2023-06-01,50,50,1956.2487093709992
2023-06-01,50,50,1891.0892728979184
2023-06-01,50,50,1775.1124184332416
2023-06-01,50,50,1821.4846019755958
2023-06-01,50,50,1860.8690559850083
2023-06-01,50,50,1912.4521951965737
2023-06-01,50,50,1551.3495981837186
2023-06-01,50,50,1870.7772645109462
2023-06-01,52,52,1885.7089610457151
2023-06-01,52,52,1994.9781912382125
2023-06-01,52,52,1637.2040543124883
2023-06-01,52,52,1806.6717103282142
2023-06-01,52,52,1773.0453784374376
2023-06-01,52,52,1580.7497794766248
2023-06-01,52,52,1755.1863892501083
2023-06-01,52,52,1725.7413110426746
2023-06-01,52,52,1708.686845168801
2023-06-01,52,52,1982.559948809999
2023-06-01,52,52,1580.6110908010787
2023-06-01,52,52,1746.6848970843657
2023-06-01,52,52,1681.733803451829
2023-06-01,54,54,2026.5144777151893
2023-06-01,54,54,1791.7186865142392
2023-06-01,54,54,1655.392387218045
2023-06-01,54,54,1913.0690851279091
2023-06-01,54,54,1800.0
2023-06-01,63,63,2334.0061647091843
2023-06-01,63,63,2263.522885635169
2023-06-01,63,63,2086.796976374097
2023-06-01,63,63,2241.8606857788523
2023-06-01,66,66,2375.2156602415416
2023-06-01,66,66,2204.3320105820103
2023-06-01,66,66,2435.116823422623
2023-06-01,68,68,1856.9741026806
2023-06-01,68,68,2031.0054989514015
2023-06-01,68,68,2145.558763586956
2023-06-01,68,68,1845.929043896573
2023-06-01,68,68,1447.1091811414392
2023-06-01,68,68,1898.9491325814197
2023-06-01,68,68,2401.0166547460917
2023-06-01,68,68,1777.8705035971223
2023-06-01,68,68,2138.685171658145
2023-06-01,68,68,2044.3651338366512
2023-06-01,68,68,1802.3441524987118
2023-06-01,68,68,2160.1471112407235
2023-06-01,68,68,1969.1176732426463
2023-06-01,68,68,1952.3668285394094
2023-06-01,68,68,1893.205223484446
2023-06-01,70,70,1908.1966977745872
2023-06-01,70,70,1944.7308781869697
2023-06-01,70,70,1807.9129945621594
2023-06-01,70,70,1807.7078791653687
2023-06-01,70,70,2127.5301989923946
2023-06-01,70,70,1984.4266399599394
2023-06-01,70,70,1919.8752922837086
2023-06-01,70,70,2135.905858927171
2023-06-01,73,73,2103.278354934692
2023-06-01,73,73,1920.6861977126737
2023-06-01,76,76,2007.7968650587081
2023-06-01,76,76,2233.1331201192615
2023-06-01,76,76,2097.003229734738
2023-06-01,76,76,2104.7500294723095
2023-06-01,76,76,2030.4856388917083
2023-06-01,76,76,2091.4403244157897
2023-06-01,81,81,1000.0
2023-06-01,81,81,1132.5732238775715
2023-06-01,81,81,1047.6339625835944
2023-06-01,81,81,1046.692796393073
2023-06-01,81,81,1035.6174642402455
2023-06-01,85,85,1563.003155545293
2023-06-01,85,85,1236.6159415432057
2023-06-01,85,85,1800.0000000000002
2023-06-01,85,85,1526.9663715146949
2023-06-01,85,85,1498.8381171067736
2023-06-01,86,86,1604.6550747481715
2023-06-01,86,86,1720.0317402555395
2023-06-01,86,86,1747.518846519798
2023-06-01,86,86,1633.8266134580983
2023-07-01,5,5001,2302.779171459855
2023-07-01,5,5001,2311.3051771117166
2023-07-01,5,5001,2274.0735399763353
2023-07-01,5,5001,2377.169852288871
2023-07-01,5,5001,2353.732325216025
2023-07-01,5,5001,2216.1288278775073
2023-07-01,5,5001,2272.4453188288394
2023-07-01,5,5001,2168.0724510361215
2023-07-01,5,5001,2196.512290976343
2023-07-01,5,5001,2332.394301081068
2023-07-01,5,5001,2118.8846001583543
2023-07-01,5,5001,2148.640625
2023-07-01,5,5001,2176.180571968802
2023-07-01,5,5001,2242.203975236232
2023-07-01,5,5001,2327.204604784525
2023-07-01,5,5001,2298.108675652974
2023-07-01,5,5001,2302.2509477556696
2023-07-01,5,5001,2320.243991481593
2023-07-01,5,5001,2270.884504112083
2023-07-01,5,5001,2321.47702225684
2023-07-01,5,5001,2345.058884035718
2023-07-01,5,5001,2260.2360531774884
2023-07-01,5,5001,2312.712461510596
2023-07-01,5,5001,2332.127122419682
2023-07-01,81,81001,1391.481265773636
2023-07-01,81,81001,1330.946032913487
2023-07-01,81,81001,1522.2292423524455
2023-07-01,81,81001,1502.2490221642765
2023-07-01,81,81001,1335.3746699444598
2023-07-01,8,8001,1782.5333127540262
2023-07-01,8,8001,1805.6519192073558
2023-07-01,8,8001,1670.8110856852275
2023-07-01,8,8001,1784.1926197330538
2023-07-01,8,8001,1806.6032045240343
2023-07-01,13,13001,1812.3124814705013
2023-07-01,13,13001,1782.2298065984064
2023-07-01,13,13001,1783.344562078922
2023-07-01,13,13001,1782.5548039805929
2023-07-01,13,13001,2052.2789539227897
2023-07-01,13,13001,1799.9999999999998
2023-07-01,13,13001,1828.2587774015328
2023-07-01,13,13001,1783.400723558204
2023-07-01,13,13001,1810.2506063055782
2023-07-01,15,15001,2029.870491574989
2023-07-01,15,15001,2202.6290644609244
2023-07-01,15,15001,2144.7821325197524
2023-07-01,15,15001,2098.292751189477
2023-07-01,15,15001,1736.4444375155902
2023-07-01,15,15001,2199.2617449664426
2023-07-01,15,15001,2009.5907399751964
2023-07-01,15,15001,2076.220132180986
2023-07-01,15,15001,2198.2502627890676
2023-07-01,15,15001,2074.8402639572637
2023-07-01,15,15001,2254.845047362882
2023-07-01,15,15001,2019.7368421052638
2023-07-01,15,15001,2146.990204142675
2023-07-01,15,15001,1949.4568559130962
2023-07-01,15,15001,2015.927518427518
2023-07-01,17,17001,2351.1281425212514
2023-07-01,17,17001,1922.766269245382
2023-07-01,17,17001,2318.6793232853306
2023-07-01,18,18001,1773.965455199712
2023-07-01,18,18001,1777.3615156781632
2023-07-01,18,18001,1868.0097122045283
2023-07-01,18,18001,1871.080332409972
2023-07-01,18,18001,1721.2385204544628
2023-07-01,85,85001,1198.8621997471553
2023-07-01,85,85001,1800.0
2023-07-01,85,85001,1555.1566579634468
2023-07-01,85,85001,1487.1458992805756
2023-07-01,85,85001,1779.1869158878505
2023-07-01,19,19001,1775.5476884631403
2023-07-01,19,19001,2022.015386804119
2023-07-01,19,19001,1830.8896396396399
2023-07-01,19,19001,1889.4005203031334
2023-07-01,20,20001,1993.8120295743688
2023-07-01,20,20001,2020.8337033813507
2023-07-01,20,20001,1935.4993586219534
2023-07-01,20,20001,1901.0764721556084
2023-07-01,20,20001,1877.3734598905264
2023-07-01,20,20001,1977.717588012451
2023-07-01,20,20001,2000.0
2023-07-01,20,20001,2195.493535809563
2023-07-01,20,20001,1980.7776549783985
2023-07-01,20,20001,1738.2235369363607
2023-07-01,20,20001,2000.0000000000002
2023-07-01,20,20001,2499.6745601776515
2023-07-01,23,23001,1800.6072662548427
2023-07-01,23,23001,1714.007178985153
2023-07-01,23,23001,1960.5213469002417
2023-07-01,23,23001,1528.2273937709854
2023-07-01,23,23001,1991.392359442576
2023-07-01,23,23001,1720.8508058404484
2023-07-01,23,23001,1677.640702386312
2023-07-01,23,23001,2058.66875081412
2023-07-01,23,23001,2238.653603034134
2023-07-01,23,23001,2019.334444789082
2023-07-01,23,23001,1812.3479061912255
2023-07-01,23,23001,1742.2612183504637
2023-07-01,25,25001,2360.772218594961
2023-07-01,25,25001,2166.460400828816
2023-07-01,25,25001,2205.8679490550053
2023-07-01,25,25001,2204.73513526403
2023-07-01,25,25001,2339.5020275750207
2023-07-01,25,25001,2021.0628469686815
2023-07-01,25,25001,2239.441342627771
2023-07-01,25,25001,2116.0484195691565
2023-07-01,25,25001,2292.990133298665
2023-07-01,25,25001,2197.0289497781214
2023-07-01,25,25001,2087.0611601945075
2023-07-01,25,25001,2299.6053103695735
2023-07-01,25,25001,2215.3133429187637
2023-07-01,25,25001,2199.444041674061
2023-07-01,25,25001,2325.3042884221263
2023-07-01,25,25001,2347.7587759570565
2023-07-01,25,25001,2008.2547111408269
2023-07-01,25,25001,2239.2770643041913
2023-07-01,25,25001,2234.9553267358465
2023-07-01,25,25001,2205.722508584524
2023-07-01,25,25001,2092.2122276879836
2023-07-01,25,25001,2210.4156993615784
2023-07-01,25,25001,2315.7557513325423
2023-07-01,25,25001,2297.8282356083873
2023-07-01,25,25001,2334.2387104253075
2023-07-01,25,25001,2178.344370860927
2023-07-01,25,25001,2240.6763455997125
2023-07-01,41,41001,1992.8378962775685
2023-07-01,41,41001,1858.8658525040235
2023-07-01,41,41001,1861.3414182047645
2023-07-01,41,41001,1991.0996309963107
2023-07-01,41,41001,1930.2715326968487
2023-07-01,44,44001,2047.3530603972438
2023-07-01,47,47001,1806.4694959498372
2023-07-01,47,47001,1841.0251817888748
2023-07-01,47,47001,1785.9023415191323
2023-07-01,47,47001,1836.386821970394
2023-07-01,47,47001,2097.898263783125
2023-07-01,47,47001,1806.2666666666662
2023-07-01,47,47001,2080.714916151809
2023-07-01,47,47001,1858.3685957945445
2023-07-01,50,50001,1882.0477290223246
2023-07-01,50,50001,1811.829855537721
2023-07-01,50,50001,1855.9003902620332
2023-07-01,50,50001,1879.4220156839963
2023-07-01,50,50001,1916.3640247810295
2023-07-01,50,50001,1909.9355512976833
2023-07-01,50,50001,1883.4087453847826
2023-07-01,50,50001,1995.6675642150487
2023-07-01,52,52001,1920.195108095313
2023-07-01,52,52001,1569.5824695048457
2023-07-01,52,52001,1772.6399468801296
2023-07-01,52,52001,1581.5274505288146
2023-07-01,52,52001,1340.3238522651463
2023-07-01,52,52001,1688.7556544840959
2023-07-01,52,52001,1781.2566301272989
2023-07-01,52,52001,1417.2740946430638
2023-07-01,52,52001,1524.3616902664735
2023-07-01,52,52001,1785.6790686557656
2023-07-01,52,52001,1407.6872954736323
2023-07-01,52,52001,1559.7812766617544
2023-07-01,52,52001,1541.3119008748795
2023-07-01,54,54001,1786.1010290789532
2023-07-01,54,54001,1675.2531451365453
2023-07-01,54,54001,1811.072113809724
2023-07-01,54,54001,2029.0504648074373
2023-07-01,54,54001,1800.0
2023-07-01,86,86001,1421.8222388665233
2023-07-01,86,86001,1538.3921588288379
2023-07-01,86,86001,1463.0313588850172
2023-07-01,86,86001,1407.969278833637
2023-07-01,63,63001,2339.6565746069627
2023-07-01,63,63001,2198.067214558263
2023-07-01,63,63001,2076.1840571708995
2023-07-01,63,63001,2230.3932603696594
2023-07-01,66,66001,2209.583645911479
2023-07-01,66,66001,2422.451351730496
2023-07-01,66,66001,2470.037769015155
2023-07-01,68,68001,1861.1089909937414
2023-07-01,68,68001,1972.0615662082675
2023-07-01,68,68001,2121.48901453345
2023-07-01,68,68001,1762.0527623011344
2023-07-01,68,68001,1443.7371081900908
2023-07-01,68,68001,1979.4288239518314
2023-07-01,68,68001,2273.3266838154227
2023-07-01,68,68001,1794.9383925151833
2023-07-01,68,68001,2075.6397134083923
2023-07-01,68,68001,2004.1848008034822
2023-07-01,68,68001,1745.7102716203556
2023-07-01,68,68001,2171.6384854550884
2023-07-01,68,68001,2066.112907088123
2023-07-01,68,68001,1948.9024203821652
2023-07-01,68,68001,1892.0880050772162
2023-07-01,70,70001,1946.7972871137902
2023-07-01,70,70001,1807.8254326561319
2023-07-01,70,70001,1996.909658904068
2023-07-01,70,70001,1920.5995388162953
2023-07-01,70,70001,1872.689075630252
2023-07-01,70,70001,1986.2272948709024
2023-07-01,70,70001,2065.763041365158
2023-07-01,70,70001,1845.1240326616112
2023-07-01,73,73001,1920.627858627859
2023-07-01,73,73001,2116.1400167184142
2023-07-01,76,76001,2240.97471259657
2023-07-01,76,76001,2060.305455076912
2023-07-01,76,76001,2293.582832618026
2023-07-01,76,76001,2129.8447223029953
2023-07-01,76,76001,1903.1685478984814
2023-07-01,76,76001,2460.9702015124567
2023-08-01,5,5001,2307.2836657623634
2023-08-01,5,5002,2215.0057738956143
2023-08-01,5,5038,2250.9457151468473
2023-08-01,5,5079,2257.8058954393773
2023-08-01,5,5086,2340.186727444719
2023-08-01,5,5088,2379.787866632059
2023-08-01,5,5148,2091.5686944634313
2023-08-01,5,5150,2118.4886815822065
2023-08-01,5,5237,2237.7536087236726
2023-08-01,5,5264,2320.1943436459537
2023-08-01,5,5266,2016.012837365735
2023-08-01,5,5310,2096.5530710444377
2023-08-01,5,5318,2079.1005225400763
2023-08-01,5,5376,2148.211384575785
2023-08-01,5,5400,2217.4880795628287
2023-08-01,5,5440,2283.7553839488237
2023-08-01,5,5615,2243.298802006254
2023-08-01,5,5656,2265.8875517111696
2023-08-01,5,5658,2255.0004795046025
2023-08-01,5,5664,2274.7435555195198
2023-08-01,5,5686,2209.2425589413847
2023-08-01,5,5697,2177.6875
2023-08-01,5,5756,2229.5599544289366
2023-08-01,5,5887,2251.2948305296327
2023-08-01,8,8141,1577.485734048072
2023-08-01,8,8372,1553.1906763469624
2023-08-01,8,8436,1535.1700112850203
2023-08-01,8,8560,1561.7196261682236
2023-08-01,8,8638,1594.231983490276
2023-08-01,13,13052,1781.8736964327948
2023-08-01,13,13140,1488.057803214701
2023-08-01,13,13244,1720.4670381743047
2023-08-01,13,13248,1697.8976913128424
2023-08-01,13,13430,2200.0000000000005
2023-08-01,13,13433,1724.5357634112793
2023-08-01,13,13442,1635.0436681222702
2023-08-01,13,13647,1699.9999999999998
2023-08-01,13,13657,1713.7608935602386
2023-08-01,15,15001,1951.4800952705004
2023-08-01,15,15087,1974.6280799628078
2023-08-01,15,15176,2172.1846656185758
2023-08-01,15,15238,2164.6469477658907
2023-08-01,15,15272,2064.435573122529
2023-08-01,15,15469,1724.200561631688
2023-08-01,15,15516,2173.9813219622856
2023-08-01,15,15600,1908.7219101123594
2023-08-01,15,15632,2106.317020861767
2023-08-01,15,15676,2155.571700162955
2023-08-01,15,15759,2054.55598111695
2023-08-01,15,15763,2300.1807341158938
2023-08-01,15,15806,1962.259985475672
2023-08-01,15,15814,2152.2628862921874
2023-08-01,15,15861,2071.645052156752
2023-08-01,17,17001,2230.723760359993
2023-08-01,17,17653,1804.2400480602025
2023-08-01,17,17873,2102.6671954818025
2023-08-01,18,18001,1815.197496064722
2023-08-01,18,18247,1783.2914437213788
2023-08-01,18,18256,1732.3541571918804
2023-08-01,18,18410,1884.8774128128055
2023-08-01,18,18592,1705.915154830279
2023-08-01,19,19001,2040.7578070229927
2023-08-01,19,19532,1816.76613462873
2023-08-01,19,19743,1842.917222279208
2023-08-01,19,19807,1917.2692853762426
2023-08-01,20,20001,2487.735395131987
2023-08-01,20,20011,1987.4579642874055
2023-08-01,20,20013,2013.6046443726398
2023-08-01,20,20060,1925.5493139331434
2023-08-01,20,20175,1881.2110452158804
2023-08-01,20,20178,1881.6804951929414
2023-08-01,20,20238,1976.614200577676
2023-08-01,20,20383,1999.9999999999993
2023-08-01,20,20621,2171.1492161796014
2023-08-01,20,20710,1959.467758444217
2023-08-01,20,20750,1689.638536331923
2023-08-01,20,20770,2000.0
2023-08-01,23,23001,2242.4679597483596
2023-08-01,23,23068,1801.2982998454404
2023-08-01,23,23079,1669.4401609118345
2023-08-01,23,23162,1951.6495969552484
2023-08-01,23,23182,1482.1947333895612
2023-08-01,23,23189,1971.8851892105522
2023-08-01,23,23417,1694.7334496094634
2023-08-01,23,23466,1651.844681079918
2023-08-01,23,23555,2320.617675241395
2023-08-01,23,23570,2061.9022190577903
2023-08-01,23,23660,1779.473203500192
2023-08-01,23,23686,1576.747699952992
2023-08-01,25,25126,2285.2057587568
2023-08-01,25,25200,2160.9911721003405
2023-08-01,25,25214,2201.0352532426477
2023-08-01,25,25260,2187.068633739576
2023-08-01,25,25269,2356.7082956511736
2023-08-01,25,25286,2036.5918770520318
2023-08-01,25,25288,2206.7412570231536
2023-08-01,25,25295,2150.1813851551383
2023-08-01,25,25317,2245.1590496806866
2023-08-01,25,25322,2217.0909591011996
2023-08-01,25,25377,2121.5860355375526
2023-08-01,25,25407,2284.928774928774
2023-08-01,25,25430,2195.06038296839
2023-08-01,25,25473,2213.7453178774717
2023-08-01,25,25486,2301.7059078670636
2023-08-01,25,25736,2304.5094095232876
2023-08-01,25,25740,2027.9528287700548
2023-08-01,25,25745,2183.8922312320174
2023-08-01,25,25758,2212.869870211373
2023-08-01,25,25769,2262.924992085252
2023-08-01,25,25779,2099.0640123185217
2023-08-01,25,25785,2261.6544659340407
2023-08-01,25,25799,2356.413824979457
2023-08-01,25,25817,2269.0276646960956
2023-08-01,25,25843,2341.7054471575884
2023-08-01,25,25873,2180.0706086203163
2023-08-01,25,25899,2212.450388908396
2023-08-01,41,41001,1908.6629048086359
2023-08-01,41,41016,1998.6213221939702
2023-08-01,41,41396,1859.924528301886
2023-08-01,41,41524,1995.5252320495033
2023-08-01,41,41551,1975.911629807911
2023-08-01,44,44650,2038.500290641349
2023-08-01,47,47058,1810.327509215025
2023-08-01,47,47170,1840.10911040333
2023-08-01,47,47258,1612.4194417501885
2023-08-01,47,47460,1836.8735504221172
2023-08-01,47,47545,2177.670424047236
2023-08-01,47,47551,1609.9083300119573
2023-08-01,47,47555,2173.469387755102
2023-08-01,47,47660,1859.3862070105265
2023-08-01,50,50001,2014.1022177468872
2023-08-01,50,50006,1877.5740833751884
2023-08-01,50,50150,1819.7582764056756
2023-08-01,50,50226,1875.7839966249471
2023-08-01,50,50313,1895.252936945577
2023-08-01,50,50318,1891.8476190476194
2023-08-01,50,50606,1906.9774418046554
2023-08-01,50,50689,1930.8140173569152
2023-08-01,52,52001,1759.5326068448828
2023-08-01,52,52110,1944.7598155242677
2023-08-01,52,52224,1563.552900366159
2023-08-01,52,52227,1765.0130065919773
2023-08-01,52,52317,1672.7210185850704
2023-08-01,52,52352,1341.9555999002246
2023-08-01,52,52356,1660.1978665650743
2023-08-01,52,52560,1518.4300033109594
2023-08-01,52,52573,1500.4732211497396
2023-08-01,52,52585,1875.4334453650156
2023-08-01,52,52720,1396.8335675802302
2023-08-01,52,52788,1571.478751298669
2023-08-01,52,52838,1545.4451256368193
2023-08-01,54,54001,2028.3277580896233
2023-08-01,54,54172,1789.7363431474257
2023-08-01,54,54174,1693.6546184738954
2023-08-01,54,54385,1795.8417377812261
2023-08-01,54,54820,1799.9999999999993
2023-08-01,63,63190,2353.1168773427453
2023-08-01,63,63272,2166.3936492710313
2023-08-01,63,63594,2050.777724545434
2023-08-01,63,63690,2205.326351112916
2023-08-01,66,66001,2431.6997736185954
2023-08-01,66,66170,2251.5888624366003
2023-08-01,66,66682,2465.2611140251593
2023-08-01,68,68081,1898.5021714083134
2023-08-01,68,68167,1969.8217821782175
2023-08-01,68,68190,2102.6210250418417
2023-08-01,68,68235,1825.855502337123
2023-08-01,68,68298,1442.906204438684
2023-08-01,68,68406,1980.5217010083295
2023-08-01,68,68547,2268.2810912784794
2023-08-01,68,68572,1802.5321888412013
2023-08-01,68,68615,2063.221421456612
2023-08-01,68,68655,2003.2921994030382
2023-08-01,68,68689,1756.9014891179843
2023-08-01,68,68745,2172.895291888607
2023-08-01,68,68755,2102.303099474478
2023-08-01,68,68770,1963.9905048535459
2023-08-01,68,68861,1908.0166339378543
2023-08-01,70,70001,1885.050646418409
2023-08-01,70,70235,2080.7581111468044
2023-08-01,70,70508,1908.3297736010252
2023-08-01,70,70708,1985.633802816902
2023-08-01,70,70713,1985.6893841689503
2023-08-01,70,70717,2137.6227021238624
2023-08-01,70,70742,2020.7185435798299
2023-08-01,70,70823,1934.2782358995207
2023-08-01,73,73001,2121.4927725029434
2023-08-01,73,73124,1900.0000000000007
2023-08-01,76,76111,2057.7764107152843
2023-08-01,76,76113,2242.5509135709162
2023-08-01,76,76364,2283.878787878789
2023-08-01,76,76520,2130.393267819658
2023-08-01,76,76834,1908.9782413638404
2023-08-01,76,76895,2515.332965380735
2023-08-01,81,81001,1539.7315390857445
2023-08-01,81,81065,1560.16871226962
2023-08-01,81,81300,1643.3484896231935
2023-08-01,81,81736,1600.0
2023-08-01,81,81794,1600.0
2023-08-01,85,85001,1775.7434235608082
2023-08-01,85,85010,1258.1021897810222
2023-08-01,85,85162,1799.9999999999998
2023-08-01,85,85410,1557.9158316633266
2023-08-01,85,85440,1505.613185799908
2023-08-01,86,86219,1486.2362162880295
2023-08-01,86,86749,1484.2642642642647
2023-08-01,86,86755,1621.969201074186
2023-08-01,86,86760,1550.1918458608222
2023-09-01,5,5001,2102.3610467172207
2023-09-01,5,5002,2123.844994412094
2023-09-01,5,5038,2182.9578740157485
2023-09-01,5,5079,2245.5004069270317
2023-09-01,5,5086,2273.5202398800593
2023-09-01,5,5088,2452.126490549864
2023-09-01,5,5148,2028.0254481285415
2023-09-01,5,5150,2043.2155915953742
2023-09-01,5,5237,2201.959435790015
2023-09-01,5,5264,2256.05334103601
2023-09-01,5,5266,1940.5892333306904
2023-09-01,5,5310,2052.818584825234
2023-09-01,5,5318,2049.059476513204
2023-09-01,5,5376,2081.467312505195
2023-09-01,5,5400,2133.3946965262126
2023-09-01,5,5440,2167.617831739663
2023-09-01,5,5615,2208.2523291249463
2023-09-01,5,5656,2284.468179795282
2023-09-01,5,5658,2189.745512662897
2023-09-01,5,5664,2254.104542435236
2023-09-01,5,5686,2194.811815517508
2023-09-01,5,5697,2103.1638929418195
2023-09-01,5,5756,2150.3907823824575
2023-09-01,5,5887,2164.6891779023986
2023-09-01,8,8141,1556.3057547664857
2023-09-01,8,8372,1554.7279943964504
2023-09-01,8,8436,1548.3818770226535
2023-09-01,8,8560,1547.503201024328
2023-09-01,8,8638,1592.3715634049556
2023-09-01,13,13052,1782.1149116923764
2023-09-01,13,13140,1500.0573613766728
2023-09-01,13,13244,1713.039706032459
2023-09-01,13,13248,1666.5355118372793
2023-09-01,13,13430,2071.217245322498
2023-09-01,13,13433,1717.6375958378974
2023-09-01,13,13442,1630.9036405948018
2023-09-01,13,13647,1685.0580991160994
2023-09-01,13,13657,1716.7993190040436
2023-09-01,15,15001,1949.6784565916394
2023-09-01,15,15087,1994.2869995501576
2023-09-01,15,15176,2047.8326965287372
2023-09-01,15,15238,2108.724912392482
2023-09-01,15,15272,2044.1808531944712
2023-09-01,15,15469,1717.7064604478812
2023-09-01,15,15516,2117.9072431953628
2023-09-01,15,15600,1886.1482381530986
2023-09-01,15,15632,2073.4757942511346
2023-09-01,15,15676,2112.782027694393
2023-09-01,15,15759,2003.8911216660576
2023-09-01,15,15763,2301.5235490009513
2023-09-01,15,15806,1973.8963140545407
2023-09-01,15,15814,2103.3230821800785
2023-09-01,15,15861,2018.4642233856891
2023-09-01,17,17001,2230.881099005211
2023-09-01,17,17653,1804.1867384528196
2023-09-01,17,17873,2100.959753221735
2023-09-01,18,18001,1787.7684084722137
2023-09-01,18,18247,1820.0678413266744
2023-09-01,18,18256,1784.9584278155705
2023-09-01,18,18410,1812.4292891332723
2023-09-01,18,18592,1673.5543575303893
2023-09-01,19,19001,2083.452072162191
2023-09-01,19,19532,1833.068181818182
2023-09-01,19,19743,1862.6698705112801
2023-09-01,19,19807,1942.431102362205
2023-09-01,20,20001,2477.754415475188
2023-09-01,20,20011,1988.5001673920328
2023-09-01,20,20013,2004.5510917358788
2023-09-01,20,20060,1930.0301436399357
2023-09-01,20,20175,1879.890182091233
2023-09-01,20,20178,1888.238887667082
2023-09-01,20,20238,1978.167743508472
2023-09-01,20,20383,1937.3373872302247
2023-09-01,20,20621,2215.4784359436258
2023-09-01,20,20710,1963.4864963425362
2023-09-01,20,20750,1672.6852743022143
2023-09-01,20,20770,1984.736610786714
2023-09-01,23,23001,2229.8833333333337
2023-09-01,23,23068,1750.5895887259135
2023-09-01,23,23079,1661.8381706244504
2023-09-01,23,23162,1959.185731573791
2023-09-01,23,23182,1479.1553133514983
2023-09-01,23,23189,1839.611995823
2023-09-01,23,23417,1677.063106796117
2023-09-01,23,23466,1628.9321820627417
2023-09-01,23,23555,2277.6463133204716
2023-09-01,23,23570,1974.8696865134718
2023-09-01,23,23660,1792.557280675309
2023-09-01,23,23686,1561.6202488054753
2023-09-01,25,25126,2290.09587045489
2023-09-01,25,25200,2043.2798816331424
2023-09-01,25,25214,2182.4770326517755
2023-09-01,25,25260,2183.1041416445114
2023-09-01,25,25269,2282.6399910895775
2023-09-01,25,25286,2028.096873048907
2023-09-01,25,25288,2184.397049390635
2023-09-01,25,25295,2133.6710095155026
2023-09-01,25,25317,2224.5382546765563
2023-09-01,25,25322,2154.7583849210014
2023-09-01,25,25377,2106.2751252822295
2023-09-01,25,25407,2304.1264601320468
2023-09-01,25,25430,2190.1672993326397
2023-09-01,25,25473,2164.1548637073925
2023-09-01,25,25486,2170.1279570528473
2023-09-01,25,25736,2227.9019228751704
2023-09-01,25,25740,2065.3012886563447
2023-09-01,25,25745,2125.464989059081
2023-09-01,25,25758,2186.913254468161
2023-09-01,25,25769,2272.192811788306
2023-09-01,25,25779,2048.1680216802165
2023-09-01,25,25785,2279.7121715317835
2023-09-01,25,25799,2292.6089281232607
2023-09-01,25,25817,2190.0809651301565
2023-09-01,25,25843,2344.094964009562
2023-09-01,25,25873,2169.6401460276993
2023-09-01,25,25899,2189.6720275339003
2023-09-01,41,41001,1903.5338948021079
2023-09-01,41,41016,2022.351239979022
2023-09-01,41,41396,1863.8702171664947
2023-09-01,41,41524,1995.6884745483042
2023-09-01,41,41551,1948.2934496695957
2023-09-01,44,44650,2038.5146778497904
2023-09-01,47,47058,1800.0
2023-09-01,47,47170,1836.5548322483726
2023-09-01,47,47258,1603.6105799269174
2023-09-01,47,47460,1837.6154006339802
2023-09-01,47,47545,2081.239489255683
2023-09-01,47,47551,1595.785021722243
2023-09-01,47,47555,2072.610409388157
2023-09-01,47,47660,1861.412266791958
2023-09-01,50,50001,2018.625187889199
2023-09-01,50,50006,1919.5627740926027
2023-09-01,50,50150,1804.0828371997545
2023-09-01,50,50226,1872.078395020857
2023-09-01,50,50313,1896.2441314553985
2023-09-01,50,50318,1891.2828035859823
2023-09-01,50,50606,1916.6101124540787
2023-09-01,50,50689,1930.6035704165486
2023-09-01,52,52001,1770.641208321459
2023-09-01,52,52110,1960.787414914536
2023-09-01,52,52224,1554.2890073476447
2023-09-01,52,52227,1722.8656744536547
2023-09-01,52,52317,1704.919687354344
2023-09-01,52,52352,1371.2855824519054
2023-09-01,52,52356,1691.18622026765
2023-09-01,52,52560,1518.4598093171078
2023-09-01,52,52573,1546.174733132967
2023-09-01,52,52585,1823.9452358643898
2023-09-01,52,52720,1420.621956481539
2023-09-01,52,52788,1602.1739822896088
2023-09-01,52,52838,1553.8786308174062
2023-09-01,54,54001,2106.16572259261
2023-09-01,54,54172,1803.3182503770738
2023-09-01,54,54174,1700.0
2023-09-01,54,54385,1814.2915811088299
2023-09-01,54,54820,1827.5862068965514
2023-09-01,63,63190,2267.6009431958196
2023-09-01,63,63272,2044.7241741957075
2023-09-01,63,63594,2000.5085649248676
2023-09-01,63,63690,2100.2382744129804
2023-09-01,66,66001,2465.2439143040615
2023-09-01,66,66170,2280.240374821756
2023-09-01,66,66682,2450.4242687810993
2023-09-01,68,68081,1917.6735242504574
2023-09-01,68,68167,1968.3608514024265
2023-09-01,68,68190,2090.4892492349272
2023-09-01,68,68235,1826.2722323049002
2023-09-01,68,68298,1452.7780893624983
2023-09-01,68,68406,1978.0970897381371
2023-09-01,68,68547,2288.1835128417565
2023-09-01,68,68572,1782.1111356850604
2023-09-01,68,68615,2034.349269302065
2023-09-01,68,68655,1959.8025886447676
2023-09-01,68,68689,1756.542876434842
2023-09-01,68,68745,2119.3957968476348
2023-09-01,68,68755,2091.8112713268547
2023-09-01,68,68770,1976.7006421363772
2023-09-01,68,68861,1912.382415050874
2023-09-01,70,70001,1808.2490248408947
2023-09-01,70,70235,1958.0009419266019
2023-09-01,70,70508,1800.0
2023-09-01,70,70708,1898.1318561963722
2023-09-01,70,70713,2087.4860497840746
2023-09-01,70,70717,2036.5082112642538
2023-09-01,70,70742,1929.467013692429
2023-09-01,70,70823,1850.3471863921575
2023-09-01,73,73001,2122.6334417855082
2023-09-01,73,73124,1755.0659151255413
2023-09-01,76,76111,2051.688192235465
2023-09-01,76,76113,2249.469764762757
2023-09-01,76,76364,2284.6672895255897
2023-09-01,76,76520,2128.7913310724884
2023-09-01,76,76834,1907.9457547169814
2023-09-01,76,76895,2415.3757162292327
2023-09-01,81,81001,1536.412355061873
2023-09-01,81,81065,1523.17541959935
2023-09-01,81,81300,1555.196830744276
2023-09-01,81,81736,1499.9999999999998
2023-09-01,81,81794,1499.9999999999995
2023-09-01,85,85001,1781.7912087912086
2023-09-01,85,85010,1242.5638686131388
2023-09-01,85,85162,1799.9999999999998
2023-09-01,85,85410,1601.1994832995017
2023-09-01,85,85440,1513.8149156232992
2023-09-01,86,86219,1504.643196955281
2023-09-01,86,86749,1549.3284134725875
2023-09-01,86,86755,1611.0699810861925
2023-09-01,86,86760,1526.1401732478341
2023-10-01,5,5001,2083.6100850116386
2023-10-01,5,5002,2083.007605473545
2023-10-01,5,5038,2142.78554425449
2023-10-01,5,5079,2236.314348847394
2023-10-01,5,5086,2272.041067322603
2023-10-01,5,5088,2437.8448794576584
2023-10-01,5,5148,2007.0141830908087
2023-10-01,5,5150,1983.3923082297056
2023-10-01,5,5237,2210.050980392157
2023-10-01,5,5264,2223.5028796816637
2023-10-01,5,5266,1936.8187267335481
2023-10-01,5,5310,2037.773028944717
2023-10-01,5,5318,1969.5394818067973
2023-10-01,5,5376,2015.2104557518492
2023-10-01,5,5400,2087.5507774109815
2023-10-01,5,5440,2173.0503130402126
2023-10-01,5,5615,2120.9291431729284
2023-10-01,5,5656,2255.2613876609653
2023-10-01,5,5658,2196.2651032676627
2023-10-01,5,5664,2246.0531668129156
2023-10-01,5,5686,2187.582297961788
2023-10-01,5,5697,2104.431538787622
2023-10-01,5,5756,2113.4697717138497
2023-10-01,5,5887,2160.615384615385
2023-10-01,8,8141,1625.4408346090604
2023-10-01,8,8372,1677.8153309139268
2023-10-01,8,8436,1666.6837502802775
2023-10-01,8,8560,1659.0080000000003
2023-10-01,8,8638,1650.9587449157464
2023-10-01,13,13052,1912.0179932525307
2023-10-01,13,13140,1640.1567749160135
2023-10-01,13,13244,1759.9918051978457
2023-10-01,13,13248,1716.0803853180535
2023-10-01,13,13430,2070.885653696776
2023-10-01,13,13433,1731.881153305204
2023-10-01,13,13442,1715.3987902095105
2023-10-01,13,13647,1726.74053642762
2023-10-01,13,13657,1749.3509185115397
2023-10-01,15,15001,1940.4615384615386
2023-10-01,15,15087,1953.600360036004
2023-10-01,15,15176,2103.4373423044567
2023-10-01,15,15238,2030.8974261635408
2023-10-01,15,15272,2038.4085580304807
2023-10-01,15,15469,1716.0339216135685
2023-10-01,15,15516,2089.4596152530953
2023-10-01,15,15600,1856.1087113030958
2023-10-01,15,15632,2025.3179190751441
2023-10-01,15,15676,2105.9769279680254
2023-10-01,15,15759,2003.5844250363903
2023-10-01,15,15763,2257.900679912548
2023-10-01,15,15806,1946.3548043350106
2023-10-01,15,15814,2105.48962691027
2023-10-01,15,15861,1931.2450368689733
2023-10-01,17,17001,2221.862575404442
2023-10-01,17,17653,1804.2862417690615
2023-10-01,17,17873,2099.9633785132482
2023-10-01,18,18001,1796.8654531568232
2023-10-01,18,18247,1747.4610744845
2023-10-01,18,18256,1787.995485205987
2023-10-01,18,18410,1737.8913567032373
2023-10-01,18,18592,1695.4327005595412
2023-10-01,19,19001,2083.240277582078
2023-10-01,19,19532,1857.6896887159533
2023-10-01,19,19743,1883.4133072952995
2023-10-01,19,19807,1955.381024476407
2023-10-01,20,20001,2446.3863044287305
2023-10-01,20,20011,1951.3135904806472
2023-10-01,20,20013,2013.6675384855932
2023-10-01,20,20060,1920.211633169173
2023-10-01,20,20175,1878.9877071616982
2023-10-01,20,20178,1884.7890115719094
2023-10-01,20,20238,1976.6898673131566
2023-10-01,20,20383,1909.9169494552596
2023-10-01,20,20621,1971.2497535974765
2023-10-01,20,20710,1957.7809671009054
2023-10-01,20,20750,1688.578811369509
2023-10-01,20,20770,1966.7254311173795
2023-10-01,23,23001,2095.8484469294986
2023-10-01,23,23068,1692.2345483359745
2023-10-01,23,23079,1651.6875611274113
2023-10-01,23,23162,2034.269142962917
2023-10-01,23,23182,1491.9294774816715
2023-10-01,23,23189,1868.0066732971868
2023-10-01,23,23417,1618.6596411774956
2023-10-01,23,23466,1635.1973684210527
2023-10-01,23,23555,2262.6029749387453
2023-10-01,23,23570,1911.4871556793557
2023-10-01,23,23660,1788.6099268588414
2023-10-01,23,23686,1621.3464099769951
2023-10-01,25,25126,2327.3947119372315
2023-10-01,25,25200,2045.3243900525604
2023-10-01,25,25214,2268.1725681725684
2023-10-01,25,25260,2178.9852328663383
2023-10-01,25,25269,2284.639403706688
2023-10-01,25,25286,2039.783028002634
2023-10-01,25,25288,2180.08274468614
2023-10-01,25,25295,2121.0242077111147
2023-10-01,25,25317,2219.4112148390723
2023-10-01,25,25322,2145.26771250746
2023-10-01,25,25377,2185.623572604346
2023-10-01,25,25407,2210.1246773841212
2023-10-01,25,25430,2135.9213823155596
2023-10-01,25,25473,2171.313290496209
2023-10-01,25,25486,2156.7787612662005
2023-10-01,25,25736,2235.6061597368894
2023-10-01,25,25740,2028.70699881376
2023-10-01,25,25745,2134.153200937461
2023-10-01,25,25758,2209.058765943969
2023-10-01,25,25769,2244.8997012377286
2023-10-01,25,25779,2014.7397861255827
2023-10-01,25,25785,2264.052684903749
2023-10-01,25,25799,2207.818521785931
2023-10-01,25,25817,2212.294538361509
2023-10-01,25,25843,2293.4558632122644
2023-10-01,25,25873,2137.493896993153
2023-10-01,25,25899,2196.810190776495
2023-10-01,41,41001,1927.080578635902
2023-10-01,41,41016,2055.9957566608186
2023-10-01,41,41396,1904.556539596971
2023-10-01,41,41524,1994.9709160571226
2023-10-01,41,41551,1930.544435548439
2023-10-01,44,44650,1951.0202561811143
2023-10-01,47,47058,1811.5825018407083
2023-10-01,47,47170,1836.3016896975143
2023-10-01,47,47258,1741.2624086907656
2023-10-01,47,47460,1832.8222418956848
2023-10-01,47,47545,2077.622673434856
2023-10-01,47,47551,1672.754976334046
2023-10-01,47,47555,2072.5470547228997
2023-10-01,47,47660,1854.4671361502349
2023-10-01,50,50001,2015.0950344163384
2023-10-01,50,50006,1916.6491546470534
2023-10-01,50,50150,1808.1923714759535
2023-10-01,50,50226,1866.9971359330248
2023-10-01,50,50313,1878.7878787878788
2023-10-01,50,50318,1893.0806445999092
2023-10-01,50,50606,1937.359669882881
2023-10-01,50,50689,1919.2725808616285
2023-10-01,52,52001,1786.8305647840527
2023-10-01,52,52110,1965.777276638675
2023-10-01,52,52224,1544.8782705323774
2023-10-01,52,52227,1731.3622763160433
2023-10-01,52,52317,1672.6634223786846
2023-10-01,52,52352,1351.215220134139
2023-10-01,52,52356,1761.221659430777
2023-10-01,52,52560,1528.6931193668938
2023-10-01,52,52573,1546.5116894107684
2023-10-01,52,52585,1843.5095222709438
2023-10-01,52,52720,1478.3473099029488
2023-10-01,52,52788,1621.1441573216323
2023-10-01,52,52838,1567.2450526038344
2023-10-01,54,54001,2045.5937927152854
2023-10-01,54,54172,2069.229946752775
2023-10-01,54,54174,1680.5979643765902
2023-10-01,54,54385,1796.8253968253973
2023-10-01,54,54820,1789.5789384862037
2023-10-01,63,63190,2275.70856759814
2023-10-01,63,63272,2034.5397576617133
2023-10-01,63,63594,2003.204331999556
2023-10-01,63,63690,2083.685171030823
2023-10-01,66,66001,2281.475153361604
2023-10-01,66,66170,2216.7130919220053
2023-10-01,66,66682,2370.7615194720142
2023-10-01,68,68081,1922.463993167437
2023-10-01,68,68167,1968.8489363226129
2023-10-01,68,68190,2090.786370145733
2023-10-01,68,68235,1817.8534269735987
2023-10-01,68,68298,1514.07252705525
2023-10-01,68,68406,1979.5736299385935
2023-10-01,68,68547,2293.2931295647036
2023-10-01,68,68572,1851.1274593669805
2023-10-01,68,68615,1997.1843076658945
2023-10-01,68,68655,1908.1988154685862
2023-10-01,68,68689,1760.5490167409896
2023-10-01,68,68745,2089.5578527199214
2023-10-01,68,68755,2082.131842713955
2023-10-01,68,68770,1957.189962911451
2023-10-01,68,68861,1912.6404494382027
2023-10-01,70,70001,1810.9923756638239
2023-10-01,70,70235,1957.7965017064844
2023-10-01,70,70508,1800.0
2023-10-01,70,70708,1896.444820653899
2023-10-01,70,70713,2087.2030459837706
2023-10-01,70,70717,1982.5803565723045
2023-10-01,70,70742,1929.1777188328922
2023-10-01,70,70823,1926.9780352819093
2023-10-01,73,73001,2128.526032976046
2023-10-01,73,73124,1705.1061061874948
2023-10-01,76,76111,2052.610353424256
2023-10-01,76,76113,2265.9425691793895
2023-10-01,76,76364,2279.4872653033904
2023-10-01,76,76520,2222.725433903171
2023-10-01,76,76834,1904.0781709152593
2023-10-01,76,76895,2449.64347091989
2023-10-01,81,81001,1552.350859453994
2023-10-01,81,81065,1591.803846820308
2023-10-01,81,81300,1634.1019653629107
2023-10-01,81,81736,1547.0496120720336
2023-10-01,81,81794,1599.9999999999998
2023-10-01,85,85001,1790.7297537822603
2023-10-01,85,85010,1233.317929759704
2023-10-01,85,85162,1800.0000000000002
2023-10-01,85,85410,1605.7651790844661
2023-10-01,85,85440,1493.1901910464787
2023-10-01,86,86219,1515.1529534249933
2023-10-01,86,86749,1541.8841172788989
2023-10-01,86,86755,1581.859734244914
2023-10-01,86,86760,1510.888193842559
2023-11-01,5,5001,2048.935432697755
2023-11-01,5,5002,2139.3512683198837
2023-11-01,5,5038,2066.433358909284
2023-11-01,5,5079,2233.6424589902854
2023-11-01,5,5086,2234.671035868141
2023-11-01,5,5088,2424.2719454329776
2023-11-01,5,5148,1992.9603511663286
2023-11-01,5,5150,1997.1487338040897
2023-11-01,5,5237,2221.30026299774
2023-11-01,5,5264,2132.198447077034
2023-11-01,5,5266,1966.964735516372
2023-11-01,5,5310,2044.1884328358208
2023-11-01,5,5318,1991.3198900091659
2023-11-01,5,5376,2056.2478313831157
2023-11-01,5,5400,2126.088210347753
2023-11-01,5,5440,2151.4056504043556
2023-11-01,5,5615,2198.919576377513
2023-11-01,5,5656,2211.663682635496
2023-11-01,5,5658,2154.67002845536
2023-11-01,5,5664,2216.361329833771
2023-11-01,5,5686,2116.0813964342387
2023-11-01,5,5697,2085.2910649819496
2023-11-01,5,5756,2119.5169836997434
2023-11-01,5,5887,2125.4979296499228
2023-11-01,8,8141,1686.0539551897577
2023-11-01,8,8372,1734.1403785488967
2023-11-01,8,8436,1795.0460618632176
2023-11-01,8,8560,1723.7313432835817
2023-11-01,8,8638,1683.764633394948
2023-11-01,13,13052,1929.053727540306
2023-11-01,13,13140,1730.1869656446713
2023-11-01,13,13244,1769.8568661722331
2023-11-01,13,13248,1755.7098457414954
2023-11-01,13,13430,1940.412567084079
2023-11-01,13,13433,1800.0000000000007
2023-11-01,13,13442,1788.2756828978622
2023-11-01,13,13647,1816.344523567311
2023-11-01,13,13657,1799.999999999999
2023-11-01,15,15001,1932.909125188537
2023-11-01,15,15087,1943.415709479058
2023-11-01,15,15176,2072.1423457821265
2023-11-01,15,15238,1957.2276192818495
2023-11-01,15,15272,2025.8770201024831
2023-11-01,15,15469,1723.0255663521043
2023-11-01,15,15516,2120.7433992647284
2023-11-01,15,15600,1879.3481803367736
2023-11-01,15,15632,2021.3921508034605
2023-11-01,15,15676,2097.4409081112144
2023-11-01,15,15759,2001.3923545263997
2023-11-01,15,15763,2258.0121338515496
2023-11-01,15,15806,2022.9502161190371
2023-11-01,15,15814,2112.648095909732
2023-11-01,15,15861,1954.29275505175
2023-11-01,17,17001,2221.0730713363464
2023-11-01,17,17653,1804.2095089583024
2023-11-01,17,17873,2097.001546780097
2023-11-01,18,18001,1811.8047201382358
2023-11-01,18,18247,1782.8768170085586
2023-11-01,18,18256,1798.1931101407088
2023-11-01,18,18410,1733.9761248852153
2023-11-01,18,18592,1712.2673155709533
2023-11-01,19,19001,2082.9274719639925
2023-11-01,19,19532,1875.825825825826
2023-11-01,19,19743,1891.8328264053175
2023-11-01,19,19807,1960.910205332516
2023-11-01,20,20001,2461.3534455263493
2023-11-01,20,20011,1953.6773794808405
2023-11-01,20,20013,2019.1088270785938
2023-11-01,20,20060,1922.7702041990228
2023-11-01,20,20175,1868.8402693969706
2023-11-01,20,20178,1882.066712517194
2023-11-01,20,20238,1993.3696552603071
2023-11-01,20,20383,1894.2255549906795
2023-11-01,20,20621,1991.5628449771325
2023-11-01,20,20710,1958.1348764745164
2023-11-01,20,20750,1733.0610116460982
2023-11-01,20,20770,1970.0444844569186
2023-11-01,23,23001,2169.2734509818747
2023-11-01,23,23068,1690.2557942340302
2023-11-01,23,23079,1703.6823331934536
2023-11-01,23,23162,2038.7092225251488
2023-11-01,23,23182,1560.0153688524588
2023-11-01,23,23189,1881.593807674297
2023-11-01,23,23417,1677.752067369699
2023-11-01,23,23466,1690.1177925289599
2023-11-01,23,23555,2260.1794969633384
2023-11-01,23,23570,1910.4450357863825
2023-11-01,23,23660,1883.106092745489
2023-11-01,23,23686,1627.8706249420777
2023-11-01,25,25126,2307.991115192671
2023-11-01,25,25200,1987.779270955821
2023-11-01,25,25214,2336.433783192341
2023-11-01,25,25260,2161.5691075953405
2023-11-01,25,25269,2283.863139049135
2023-11-01,25,25286,2061.812453626076
2023-11-01,25,25288,2150.3992901508427
2023-11-01,25,25295,2018.4466826435216
2023-11-01,25,25317,2210.3084012761437
2023-11-01,25,25322,2107.70220254583
2023-11-01,25,25377,2057.825927097673
2023-11-01,25,25407,2205.553580165871
2023-11-01,25,25430,2166.015922110432
2023-11-01,25,25473,2217.116537381789
2023-11-01,25,25486,2129.7193640075966
2023-11-01,25,25736,2147.6702138158453
2023-11-01,25,25740,2008.4557100079408
2023-11-01,25,25745,2116.3488989312095
2023-11-01,25,25758,2141.299674392225
2023-11-01,25,25769,2246.102073874655
2023-11-01,25,25779,2033.5683600042958
2023-11-01,25,25785,2258.164327418804
2023-11-01,25,25799,2165.9012430083876
2023-11-01,25,25817,2246.7105180943495
2023-11-01,25,25843,2337.6187972764674
2023-11-01,25,25873,2134.3130136640953
2023-11-01,25,25899,2180.181504167517
2023-11-01,41,41001,1940.5422508668787
2023-11-01,41,41016,2052.204836415363
2023-11-01,41,41396,1913.0620155038766
2023-11-01,41,41524,2000.0000000000002
2023-11-01,41,41551,1930.9862787578666
2023-11-01,44,44650,2001.4066239481197
2023-11-01,47,47058,1810.0447829908348
2023-11-01,47,47170,1837.3832651403943
2023-11-01,47,47258,1752.960022013444
2023-11-01,47,47460,1833.2039460562455
2023-11-01,47,47545,1968.1146246950195
2023-11-01,47,47551,1715.1869451044147
2023-11-01,47,47555,1900.0000000000002
2023-11-01,47,47660,1852.8096201393575
2023-11-01,50,50001,2020.6781070456607
2023-11-01,50,50006,1920.518224413375
2023-11-01,50,50150,1806.6959507670344
2023-11-01,50,50226,1878.314323803881
2023-11-01,50,50313,1872.2984334896898
2023-11-01,50,50318,1887.8011580285274
2023-11-01,50,50606,1912.3157894736842
2023-11-01,50,50689,1923.6505927034182
2023-11-01,52,52001,1783.8884165204324
2023-11-01,52,52110,1969.9374308334043
2023-11-01,52,52224,1608.811197485941
2023-11-01,52,52227,1786.265522479212
2023-11-01,52,52317,1747.718128922155
2023-11-01,52,52352,1375.345141964053
2023-11-01,52,52356,1678.346485946348
2023-11-01,52,52560,1584.469422636809
2023-11-01,52,52573,1596.3222815839097
2023-11-01,52,52585,1883.1621151141255
2023-11-01,52,52720,1578.2867355432602
2023-11-01,52,52788,1647.659117143654
2023-11-01,52,52838,1636.7251565117713
2023-11-01,54,54001,2295.9836332546215
2023-11-01,54,54172,2297.463589671428
2023-11-01,54,54174,1680.6471158507027
2023-11-01,54,54385,1780.0283486888727
2023-11-01,54,54820,1821.5893713863943
2023-11-01,63,63190,2319.9746526138492
2023-11-01,63,63272,2044.8345657085554
2023-11-01,63,63594,2012.4774327073737
2023-11-01,63,63690,2128.3233012763512
2023-11-01,66,66001,2279.5952702166496
2023-11-01,66,66170,2196.379203631111
2023-11-01,66,66682,2342.1295111338627
2023-11-01,68,68081,1921.8877840484936
2023-11-01,68,68167,1974.060699193239
2023-11-01,68,68190,2089.9193419836133
2023-11-01,68,68235,1808.7070759625392
2023-11-01,68,68298,1508.3605738348444
2023-11-01,68,68406,1991.3856679550402
2023-11-01,68,68547,2274.9747561980175
2023-11-01,68,68572,1848.4598838869322
2023-11-01,68,68615,1999.884453781512
2023-11-01,68,68655,1910.3704986149585
2023-11-01,68,68689,1759.517559211294
2023-11-01,68,68745,2076.290735226272
2023-11-01,68,68755,2085.2574702050183
2023-11-01,68,68770,1965.8558158319872
2023-11-01,68,68861,1914.9232664374065
2023-11-01,70,70001,1896.7643275689584
2023-11-01,70,70235,1862.9592623255012
2023-11-01,70,70508,1800.0000000000005
2023-11-01,70,70708,1874.458371378767
2023-11-01,70,70713,2148.7555208511258
2023-11-01,70,70717,1881.9488979646949
2023-11-01,70,70742,1872.6108432665862
2023-11-01,70,70823,2027.2434450164064
2023-11-01,73,73001,2136.785341335008
2023-11-01,73,73124,1767.0962171841527
2023-11-01,76,76111,2051.718418870359
2023-11-01,76,76113,2258.546218947929
2023-11-01,76,76364,2278.377966360079
2023-11-01,76,76520,2226.786668683507
2023-11-01,76,76834,1904.5254430054672
2023-11-01,76,76895,2462.4103517697204
2023-11-01,81,81001,1707.9879369007117
2023-11-01,81,81065,1694.1081411600285
2023-11-01,81,81300,1704.155149757579
2023-11-01,81,81736,1647.3336565264822
2023-11-01,81,81794,1686.5411632481032
2023-11-01,85,85001,1764.2356791083462
2023-11-01,85,85010,1246.0970074418112
2023-11-01,85,85162,1780.0736269851461
2023-11-01,85,85410,1665.4148552400334
2023-11-01,85,85440,1439.880343314043
2023-11-01,86,86219,1588.7127630500136
2023-11-01,86,86749,1564.028301328228
2023-11-01,86,86755,1638.2836360713707
2023-11-01,86,86760,1543.8689850808994
2023-12-01,5,5001,2062.854094905146
2023-12-01,5,5002,2151.873770784909
2023-12-01,5,5038,2061.7979105403933
2023-12-01,5,5079,2249.1156223658327
2023-12-01,5,5086,2223.2050050816747
2023-12-01,5,5088,2420.7232739373057
2023-12-01,5,5148,1986.2658491097668
2023-12-01,5,5150,1997.4947394479518
2023-12-01,5,5237,2214.5758225648824
2023-12-01,5,5264,2134.527128126728
2023-12-01,5,5266,1982.2764402407568
2023-12-01,5,5310,2058.187565858799
2023-12-01,5,5318,1979.580178400665
2023-12-01,5,5376,2062.421285454072
2023-12-01,5,5400,2129.4106750527726
2023-12-01,5,5440,2163.830674330208
2023-12-01,5,5615,2209.3897405660377
2023-12-01,5,5656,2212.4950734658605
2023-12-01,5,5658,2142.35637464195
2023-12-01,5,5664,2202.165587317301
2023-12-01,5,5686,2095.8489237950575
2023-12-01,5,5697,2096.577173030057
2023-12-01,5,5756,2126.990938443912
2023-12-01,5,5887,2119.770552584051
2023-12-01,8,8141,1848.370364635751
2023-12-01,8,8372,1885.876712328767
2023-12-01,8,8436,1953.486383074499
2023-12-01,8,8560,1832.0649850363404
2023-12-01,8,8638,1816.0879419764276
2023-12-01,13,13052,2015.4046912210877
2023-12-01,13,13140,1849.8878564562635
2023-12-01,13,13244,1861.73198482933
2023-12-01,13,13248,1847.6351820479351
2023-12-01,13,13430,2108.4562103164194
2023-12-01,13,13433,2031.9898586928148
2023-12-01,13,13442,1973.7304597169548
2023-12-01,13,13647,1983.3623961431938
2023-12-01,13,13657,1870.104223806912
2023-12-01,15,15001,1932.7618164967564
2023-12-01,15,15087,1963.6868481647027
2023-12-01,15,15176,2051.893118396099
2023-12-01,15,15238,1967.93108776267
2023-12-01,15,15272,2044.3431929090723
2023-12-01,15,15469,1730.5378014161258
2023-12-01,15,15516,2142.4922157180217
2023-12-01,15,15600,1881.991780419786
2023-12-01,15,15632,1982.924384189421
2023-12-01,15,15676,2059.2916474388553
2023-12-01,15,15759,2005.8947368421054
2023-12-01,15,15763,2227.2071621345476
2023-12-01,15,15806,2047.1946132613782
2023-12-01,15,15814,2107.7744285355434
2023-12-01,15,15861,1958.3906199807257
2023-12-01,17,17001,2117.9438078672106
2023-12-01,17,17653,1807.0669565930905
2023-12-01,17,17873,1961.7041208944404
2023-12-01,18,18001,1817.3515469411795
2023-12-01,18,18247,1804.4594126310315
2023-12-01,18,18256,1792.2412585780303
2023-12-01,18,18410,1822.3765734037693
2023-12-01,18,18592,1721.4103043912176
2023-12-01,19,19001,2083.8561197106756
2023-12-01,19,19532,1894.3385300668153
2023-12-01,19,19743,1914.8316699933464
2023-12-01,19,19807,1973.3428091484682
2023-12-01,20,20001,2484.0654347167533
2023-12-01,20,20011,1902.682234143263
2023-12-01,20,20013,2018.191095856173
2023-12-01,20,20060,1907.1512237223353
2023-12-01,20,20175,1873.2748883988602
2023-12-01,20,20178,1874.1896342520374
2023-12-01,20,20238,1968.5605584203245
2023-12-01,20,20383,1893.0148801061507
2023-12-01,20,20621,2006.0829741379314
2023-12-01,20,20710,1910.7755647525435
2023-12-01,20,20750,1768.6536218737856
2023-12-01,20,20770,1919.7260807477608
2023-12-01,23,23001,2202.639643719807
2023-12-01,23,23068,1750.180448768241
2023-12-01,23,23079,1723.3804854525
2023-12-01,23,23162,2190.2689916937125
2023-12-01,23,23182,1701.3706601150836
2023-12-01,23,23189,1906.7336926478715
2023-12-01,23,23417,1781.2826529708673
2023-12-01,23,23466,1689.3391201420395
2023-12-01,23,23555,2247.716501683845
2023-12-01,23,23570,1921.7082025488783
2023-12-01,23,23660,1962.7853525516168
2023-12-01,23,23686,1811.0303548525014
2023-12-01,25,25126,2246.257101164279
2023-12-01,25,25200,2043.5276967930029
2023-12-01,25,25214,2222.92692732938
2023-12-01,25,25260,2180.9026098644144
2023-12-01,25,25269,2202.3348734676083
2023-12-01,25,25286,2063.3085015062493
2023-12-01,25,25288,2030.9003774199675
2023-12-01,25,25295,2025.48877115975
2023-12-01,25,25317,2173.5822340554278
2023-12-01,25,25322,2052.2095157018534
2023-12-01,25,25377,2031.1884213507426
2023-12-01,25,25407,2168.6164229471315
2023-12-01,25,25430,2077.621769279261
2023-12-01,25,25473,2188.9792180345194
2023-12-01,25,25486,2131.0694684547084
2023-12-01,25,25736,2122.7403271571316
2023-12-01,25,25740,1987.0389206848276
2023-12-01,25,25745,1936.404092406362
2023-12-01,25,25758,2139.0473916348974
2023-12-01,25,25769,2253.4114437604926
2023-12-01,25,25779,1986.195995785037
2023-12-01,25,25785,2245.3053849816265
2023-12-01,25,25799,2139.919751960606
2023-12-01,25,25817,2172.3425238406317
2023-12-01,25,25843,2329.1629992424914
2023-12-01,25,25873,2110.080448561677
2023-12-01,25,25899,2111.8762002687517
2023-12-01,41,41001,1939.2128330846303
2023-12-01,41,41016,2029.4152901075024
2023-12-01,41,41396,1894.6139386928867
2023-12-01,41,41524,2000.0000000000002
2023-12-01,41,41551,1967.6803195679076
2023-12-01,44,44650,2043.568126788466
2023-12-01,47,47058,1808.2090296476754
2023-12-01,47,47170,1842.645105669082
2023-12-01,47,47258,1905.9042205485296
2023-12-01,47,47460,1832.458921879504
2023-12-01,47,47545,2068.0724039377583
2023-12-01,47,47551,1860.9994468006641
2023-12-01,47,47555,1980.0432332278235
2023-12-01,47,47660,1857.1302558071154
2023-12-01,50,50001,2015.2748226950357
2023-12-01,50,50006,1888.762431713125
2023-12-01,50,50150,1796.5640998574972
2023-12-01,50,50226,1892.0953163516845
2023-12-01,50,50313,1887.4323393366806
2023-12-01,50,50318,1886.6324159821988
2023-12-01,50,50606,1901.5086798072025
2023-12-01,50,50689,1903.4064586455925
2023-12-01,52,52001,1849.2014729918674
2023-12-01,52,52110,2012.6769445305238
2023-12-01,52,52224,1638.3065363598153
2023-12-01,52,52227,1818.5989405903558
2023-12-01,52,52317,1779.423207969627
2023-12-01,52,52352,1449.6066795473364
2023-12-01,52,52356,1738.4746882759725
2023-12-01,52,52560,1624.2013338737606
2023-12-01,52,52573,1639.8652467951952
2023-12-01,52,52585,1873.3299763746697
2023-12-01,52,52720,1631.0776752095228
2023-12-01,52,52788,1682.9864811447549
2023-12-01,52,52838,1659.8026584208378
2023-12-01,54,54001,2103.090348915406
2023-12-01,54,54172,2175.934498504172
2023-12-01,54,54174,1691.4351518641138
2023-12-01,54,54385,1813.8283531790612
2023-12-01,54,54820,1819.7061066056697
2023-12-01,63,63190,2356.2849650349654
2023-12-01,63,63272,2052.481916219251
2023-12-01,63,63594,2031.3405608841576
2023-12-01,63,63690,2135.65112790825
2023-12-01,66,66001,2314.6561659623508
2023-12-01,66,66170,2202.9971765727937
2023-12-01,66,66682,2375.3922010889514
2023-12-01,68,68081,1881.2137705208193
2023-12-01,68,68167,1986.039680246557
2023-12-01,68,68190,2077.6083968511807
2023-12-01,68,68235,1808.43786330539
2023-12-01,68,68298,1507.0739817123856
2023-12-01,68,68406,1991.4660946002514
2023-12-01,68,68547,2276.82467649912
2023-12-01,68,68572,1851.9903957417268
2023-12-01,68,68615,1983.1956462158885
2023-12-01,68,68655,1910.4419035846724
2023-12-01,68,68689,1789.6993521147263
2023-12-01,68,68745,2065.971193625823
2023-12-01,68,68755,2083.5629180453584
2023-12-01,68,68770,1948.9187313114057
2023-12-01,68,68861,1930.4597701149426
2023-12-01,70,70001,2064.6263802936537
2023-12-01,70,70235,1969.2307692307688
2023-12-01,70,70508,1900.0000000000002
2023-12-01,70,70708,1985.004142502071
2023-12-01,70,70713,2189.0444444444443
2023-12-01,70,70717,1924.6249836949435
2023-12-01,70,70742,1988.7778748622875
2023-12-01,70,70823,2166.6653803110407
2023-12-01,73,73001,2138.4710521357633
2023-12-01,73,73124,1761.9697326119342
2023-12-01,76,76111,2097.323024180312
2023-12-01,76,76113,2258.0753343823762
2023-12-01,76,76364,2465.215324650633
2023-12-01,76,76520,2373.4920077925535
2023-12-01,76,76834,1878.8652304609225
2023-12-01,76,76895,2461.688839580325
2023-12-01,81,81001,1629.0786551670717
2023-12-01,81,81065,1649.202823436497
2023-12-01,81,81300,1623.6423916771464
2023-12-01,81,81736,1629.0594059405937
2023-12-01,81,81794,1679.673175035483
2023-12-01,85,85001,1619.6380334954076
2023-12-01,85,85010,1262.3029144768273
2023-12-01,85,85162,1763.4667857320037
2023-12-01,85,85410,1818.5393258426968
2023-12-01,85,85440,1430.6933848382428
2023-12-01,86,86219,1610.413786886231
2023-12-01,86,86749,1666.341728231879
2023-12-01,86,86755,1630.3997338519812
2023-12-01,86,86760,1597.8331441195426
